lugar,texto_resena,rating,latitud,longitud
Cerro Catedral,"Eclectic Cerro, likes children, teens, explorers, skiers and pedestrians. Phenomenal beauty, well-run and organized service. Price “ok” for the economic situation in which the country is. I highly recommend taking ski butt because there to rent is more expensive!",5,-41.183327,-71.44998
Cerro Catedral,"I loved seeing Cerro Catedral! Even outside the high season, the place is beautiful, cold, organized and full of good energy. The view of the mountains is wonderful and already worth the visit just for that. An experience that fascinated me!",5,-41.183327,-71.44998
Cerro Catedral,"I liked the experience at the cerro, a place with an excellent structure for both the practice of snow sports as well as food and travel around the site. Unfortunately we caught a season of little snow, but the experience was equally positive. I hope to be back in a better year.",5,-41.183327,-71.44998
Cerro Catedral,"A unique experience! I went in early September 2025, there was still snow up there, and it was magnificent! The landscape up there is to shine your eyes, it looks like you are inside a movie. It is also worth noting that it is super fun to go down from Culipatin up there and play as a snowball guerrilla kkkk would return without any doubt.",5,-41.183327,-71.44998
Cerro Catedral,"We did not go up to the top because on the day it was snowing a lot but the bottom part and very large and we had a lot to see. there are restaurants, shops to rent clothes and equipment and chocolates.",5,-41.183327,-71.44998
Cerro Catedral,"Being in Bariloche, we went to spend the day at Cerro Catedral.  I confess a much nicer place than I imagined.  Breathtaking landscapes. Majestic snow.  Super recommend.",5,-41.183327,-71.44998
Cerro Catedral,"The most amazing ski resort in South America. Although there is no ski in and out. The landscape is something inexplicable. Many trees, paths, stunning views",5,-41.183327,-71.44998
Cerro Catedral,"The Cerro Cathedral is a place of incredible beauty, really a must for those who visit Bariloche. However, during the high season, the queues to buy the cable car tickets can be quite long, which makes you waste a good time.

There is the online purchase option, and the value (both presencial and digital) is 36.000 Argentine pesos. However, it is worth noting that even buying in advance there is no guarantee of access, since everything depends on the climatic conditions. Therefore, my tip is: program to face the queue on site, but always checking first if the cable cars are working.

An important detail is that the park’s app itself tells you in real time which lifts are active, a feature that can save time and avoid frustrations.

For those who do not want to spend with a tourist agency, there are line buses that take to the Cerro and make the journey back. Just keep an eye on the schedule. The cost is less than 1000 Argentine pesos, which represents a great economy.",5,-41.183327,-71.44998
Cerro Catedral,"As I don't know how to ski and I wasn't willing to spend almost 2 thousand reals for a day of skiing, so I made the mountain climb just to use the little boat and have contact with the snow. On the first day I suffered in the queue and on the second day I bought online and it was very quiet and quick to get into the park... I recommend!",5,-41.183327,-71.44998
Cerro Catedral,"If you want snow in the sul.va hemisphere to Ushuaia (we went last September)
We stayed in Bariloche from 11 to 18 July
 Snow only on top of the hills and the artificial ones. If you go skiing know: despite the season is quite large, without snow there is only 1 piste and with artificial snow (picked ice) that is divided into 3 in the final 100 meters. Extremely full of all levels of skiers and schoolchildren (well dangerous). 
Lifts are very crowded and the pass costs 90 dollars (Nothing different from first-world stations). The tip is to pay in dollars because the quotation in the mountain and the best in the region. Be careful when buying. In our case the attendant spent one more day in the collection (for 4 people). I saw in time and complained. The same took the cards passed in the machine and said that she had put another lift day in each. Which was not the surprise qd on the last day of skiing we found out that had passed nothing. We show the attendant to the direction and she's in the face hard nego. We ordered the footage and they said they didn't have it at the time. Result we had to pay as if it was loss of the card (Pq fortunately I kept the bill and was with the cards to prove) and we missed the morning skiing. Very bad charism, out the crowded mountain and the abusive price for only 1 open piste.
 He never came back. Pay some morals on the ticket and go to Europe or the United States pq (Out Pass) the rest of the trip comes out the same price.",2,-41.183327,-71.44998
Cerro Catedral,"Although time did not help, the experience was fantastic. Many options for food and equipment rental and classes. The infrastructure is excellent and the service we had in the BB lounge was great. I'd definitely come back.",5,-41.183327,-71.44998
Cerro Catedral,"This year there was not much snow, but just the day we went it snowed a lot and we could enjoy it.
It was the first time we went, we took sky class, with ""crab"" and we all skied out.
We had a very nice day!!!",4,-41.183327,-71.44998
Cerro Catedral,"The season usually has periods with little snow.
Although they make snow, they sell far more tickets than they should.
All skiers end up having only 2 climbing options and consequently queues that take 20/30 minutes.
But do not say this information in the App. They say that the queue is six minutes when it takes an eternity.",2,-41.183327,-71.44998
Cerro Catedral,"We were delighted, we went in two pairs of friends and got everything right too.
We picked up an agency that helped us.
We went to know the snow and enjoy there and it was all too nice.
We will definitely return 
Nothing to complain about",5,-41.183327,-71.44998
Cerro Catedral,"Season with low snow. We were the same, we found it cute and with many food options. I decided to give it 3 stars because it is difficult to locate a little when going the first time, the tourist hut is a little hidden from the naked eye and the tickets are blown up, the worst thing is that if they warned people that they can buy at the same time online, it would take half the time.",3,-41.183327,-71.44998
Cerro Catedral,"We went 2 times , the first for my daughter and my nephew to ski , the second to finally see the snow fall .
The place is pretty, with a lot of structure, my favorite place in Bariloche.
Wonderful pictures.",4,-41.183327,-71.44998
Cerro Catedral,"We stayed today (Sunday) and enjoy a lot, even without skiing! We arrived early at the opening and it was already snowing, what an excitement! We climbed the first cable car and there was already a lot of snow there. As we climbed the second, we saw even more snow and the cold increased. We made a snowman, played and had a hot chocolate. I highly recommend!",4,-41.183327,-71.44998
Cerro Catedral,"Dearly. Patienceless attendants. All full. They closed the cabin and we lost the ticket. Nobody could explain anything. I hired a ski class, bad experience, patient teacher.. very full. I'm not coming back. Expensive parking",3,-41.183327,-71.44998
Cerro Catedral,"We visited the cerro cathedral in the last week of April. It was nice because the kids could have contact with the snow. There is no snow activity at this time, but there is contact. We could enjoy the landscape, the walk to the top of the mountain and play a little in the snow. Hang out well, up there on the hill is much cooler.",5,-41.183327,-71.44998
Cerro Catedral,"This was the third time we went to Bariloche (August2024), the slopes of Cerro Catedral are optimal, especially because you already have a sense of skiing. Only that the price for the pass to take you in the Lift (in the chairs that climb the mountain) doubled in price in 1 years, in 2023 we paid around 50 dollars a day, last year rose to 100 dollars a day, many friends.  With these increases the trend is to have fewer and fewer Brazilian tourists in the mountain skiing!!! The price of the food on the top is also quite high!!!!",4,-41.183327,-71.44998
Cerro Tronador,Nice walk. Availability for the whole day. I found the 40km of land road tired. But worth the very beautiful place. Nature is amazing.,5,-41.165318,-71.88186
Cerro Tronador,Spectacular looks like a movie,5,-41.165318,-71.88186
Cerro Tronador,"Very good all the way to the hill. Passing the Black Blizzard and Pampa Linda, add to the ride. I've done it twice and I'll do it again.",5,-41.165318,-71.88186
Cerro Tronador,"We went out 9.20 hours of bariloche. We arrived at the park, it cost us $7,000 c/u. We made the black blizzard that is beautiful, then we made devil's throat, where the road was cut and we decided to take some mates in the middle of the road between the meltwater and the stones. Then we went to jump off the buttocks, it is about 15 min from its parking lot, but it is a beautiful stone wall where a waterfall falls from the top, if you get on a giant stone that is in front, you can make beautiful photos. We didn’t get to larch waterfalls because of the schedule, as we returned 16 hs, just as it was starting to rain. We do not stop to eat but there is restaurant and at the base of thunder there are grills with very clean bathrooms. Importantly, they have to be patient to travel the way from the access to the base of the thunderclap(1.30 hs approx)",5,-41.165318,-71.88186
Cerro Tronador,"No words to describe the place. Unique landscape. The lake is frozen and the view is amazing. It's worth seeing. The black snow of Cerro Tronador refers to the Ventisquero Negro, a dark-coloured glacier that forms in the mountain due to the mixture of ice with sediments and volcanic ash.  It's worth seeing.",5,-41.165318,-71.88186
Cerro Tronador,"Cerro Tronador is located in between two national parks - Nahuel Huapi National Park in the Argentine provinces of Río Negro and Neuquén and Vicente Pérez Rosales Park in the province of Llanquihue, Chile.  I went on a guided tour from the Argentine side to the base of Cerro Tronador.  The highest peak in the surroundings of Bariloche and the only one which snow and ice cover the ground throughout the year.  Stunning beyond words.  I took so many photographs.  The scenery was spectacular.  Beautiful drive to get there.  Easy relaxing walk at the base, anyone can do it.  We had the perfect winter day.  Crispy but warm with sunny blue skies.  As others have mentioned, you must pay in ARS cash to enter.  If you are not a resident of Argentina, the entrance to Nahuel Huapi National Park will cost ARS 20,000 (August 2025).  Have ID to hand as well.  Highly recommend.",5,-41.165318,-71.88186
Cerro Tronador,"Be aware, the entrance to the park can only be paid in Argentine pesos. We were not warned before, we had dollars and credit cards and nothing resolved.  And they did not facilitate... more than 40 minutes to resolve... they refused the $100.00 note and a family of Brazilians who were n tour with us was q saved us borrowing weights... 

Passed the tightness, and the rage q we live, the walk was beautiful, every beautiful landscape of falling the chin... if you nausea on the road with light curves vonal...",5,-41.165318,-71.88186
Cerro Tronador,"The place is beautiful, the glacier and the lake make a set in the unique landscape. I had never seen anything like that, the streets and the national park are well preserved and there are some restaurants on the way to the glacier. Worth a visit!",5,-41.165318,-71.88186
Cerro Tronador,"Cerro Tronador... the roar of beauty. 
A path where every step is a postcard full of history in the majesty of the landscape",5,-41.165318,-71.88186
Cerro Tronador,"His imposing presence leaves you speechless. It's a reminder of the strength of nature. Hearing the roar of the glacier is a unique experience that is not forgotten. Pure Patagonian majesty, connecting you to the wild.",5,-41.165318,-71.88186
Cerro Tronador,"Beautiful place is worth it, you just need to take Argentine weight to pay the entrance to the park, and forget the internet does not work there rsrs",5,-41.165318,-71.88186
Cerro Tronador,"An amazing view is worth going, it's a wonderful view, you need to climb warm with Water linen, and a good camera",5,-41.165318,-71.88186
Cerro Tronador,"We couldn’t go until cerro tronador, because it was closed, however we went to ventisqueiro negro and was amazing, it was our first time contact with snow.",5,-41.165318,-71.88186
Cerro Tronador,"If you are an adult and do not have children - take the walk.
But if you have children, think back. It's very far away and it's nothing attractive to them. I, in particular, found mass... but it was quite disappointing for the little ones, mainly because the access to the base of Cerro Tronador was closed because it was raining a lot (we gave luck). The nicest is the Black Ventisquero.",4,-41.165318,-71.88186
Cerro Tronador,"Landscapes have an amazing view It's an unimaginable place 
You can hear the noise that makes the hill thunder 
The color of the water the precious",5,-41.165318,-71.88186
Cerro Tronador,"It was a simply fantastic experience! Me and my husband visited in April/2025, and we paid 20,000 pesos each. 
We made the visit on our own, with a rental car, and it was super quiet. It was quite easy to locate the place.
We took about 1 hour to get from our accommodation in Bariloche to the ticket shop to buy the tickets. Then we take about 1:30h until we arrive at Cerro. 
From the ticket office, access is via ground road. The road is good, there were no loose stones and no gravel. 
The view is simply hallucinating. Worth every second and every penny. I highly recommend the visit.",5,-41.165318,-71.88186
Cerro Tronador,"The place is spectacular. Also the hotel where you can eat.
But you can't leave until 4 p.m., where supposedly the traffic is only one way, which doesn't happen, because people kept coming up when we were getting off.  Advice for those who don't want to be stuck in a place that you can travel in three hours at most: don't go early.",4,-41.165318,-71.88186
Cerro Tronador,"Exceptually beautiful, the Cerro Tronador. It's worth it. It is best to take a local tour by bus, with a guide, which values the experience.",5,-41.165318,-71.88186
Cerro Tronador,"We drove here from Bariloche. Second attempt as first day we drove to entrance only to be told was closed to all vehicles other than 4 x 4 that day so best to check their FB page before setting off as this appears to be the only place they advise of issues.

Took us just over a couple of hours from Bariloche. Unpaved, rocky and dusty road from the point you have to pay to enter. Park ticket was pricey 20,000 peso pp when you consider the lack of facilities, poor road and that they had closed the access to cascada alerces, the other main attraction in the park. However, the glacier area and the garganta diablo waterfall were beautiful and worth the trip. 

There is a hosteria at Pampa Linda to get refreshments and cafe by garganta diablo. Quite expensive and not great quality so may be best to take a picnic.

There are several hiking trails from Pampa Linda. Unfortunately the shorter 5km round trip to the mirador we found closed part way through. No sign before setting off! Wasn't impressed with the management of the park.",5,-41.165318,-71.88186
Cerro Tronador,"Beautiful scenery, a very long way to what is the place, we spent a beautiful afternoon but would not come back, there are many more amazing places to make all that trip of pious to the thunder",3,-41.165318,-71.88186
Exploradores Lago Del Desierto,We took the “Dos Glacieres” tour from El Chalten. It gets you out of the “normal” national park area to the north to explore a different area. The 2 glaciers are Vespignani and Huemul. You get almost 3 hours to explore the area around Veapignani and 2 hours to hike up to Huemul … so lots of walking opportunities. Huemul is particularly beautiful. At a very reasonable price this is a tour worth doing. Back in El Chalten at 5pm so a full day.,5,-49.330086,-72.88633
Exploradores Lago Del Desierto,"My elderly in-laws went on the “One Shot VESPIGNANI” package with transfer from El Chalten included. My father-in-law wanted to see a lake in the area but was able to do the long hikes around El Chalten, so we thought this lake tour would be great for him. 

The tour comprised a bus ride from El Chalten to the ferry, a ferry ride, and then some time to putz around at the glacier area (apparently they did a 600+ ft elevation gain hike in 1.5 hours, which we were stunned as they are not youn…). They bought last minute tickets - we had WhatsApp-ed the company in the morning to check if there were seats available for the same day tour (the website won’t allow you to buy tickets too close to the tour but it doesn’t mean the tour is sold out), then walked over to their office to pay. 

The bus came to pick them up from our accomodation. They left town at 11am and were back in town around 5.15pm. We were worried they would get motion sickness on the bus, get cold, fall off the ferry and die of hypothermia, break an ankle, get hungry, etc. but they came back raving about what a wonderful and magnificent time they had and their only complaint was they felt it was a bit rushed. 

We looked at their photos and videos and it looked like they got a really great experience typical of hiking in Patagonia for less physical effort than if they attempted the trails from El Chalten.",5,-49.330086,-72.88633
Exploradores Lago Del Desierto,"The excursion itself is beautiful and priced accordingly. The places are wonderful but many points to improve. To begin with, the guide that guides absolutely nothing and spent the entire round trip chatting with a friend. Everyone in the transfer aware of his love life. The van on the way there was very nice and the driver on the way there was very professional, but on the way back the van fell apart. Upon returning, the guide did not count the passengers before leaving and halfway there they called them by radio to return to look for the forgotten pax. The driver made a sudden turn and collided with a tree. Horror!! Furthermore, he drove fast and although the road is very bad, he was very rough. Nothing to do with the driver on the way. The dome lacks a lot of love. It was dirty, neglected. On the other hand, the boat was very clean and the sailors were very helpful. I would go again but there are definitely things that could be improved to increase the quality of the excursion.",3,-49.330086,-72.88633
Exploradores Lago Del Desierto,Beautiful places for trekking. The town is super calm and has everything you need to stay there as long as you want. We recommend rafting with Comarka Expeditions!,5,-49.330086,-72.88633
Exploradores Lago Del Desierto,"This excursion is worth it. Starting because it is economical in relation to the excursions to these destinations. Then because the landscapes are incredible, exuberant, almost virgin. The glacier hanging there. Majestic. The forest taken from a story. Dreamy and reserved for the few who went on the boat. And finally all the amazing staff. From the Mr. who sells the excursion who is super friendly. The van driver. That stops in places along the way that you will only meet with locals. Then the sailors who are super friendly. And finally Martina and her chocolate when she returned from trekking. Super friendly and super professional to make your experience incredible. Worth!!!",5,-49.330086,-72.88633
Exploradores Lago Del Desierto,"Everyone was very friendly, the guide, the driver, in the agency, and the landscapes were great, I highly recommend this excursion",5,-49.330086,-72.88633
Exploradores Lago Del Desierto,Attentive and friendly staff. Committed to their task so that tourists have a great time. Incredible views of the glacier and Desert Lake. Highly recommended,5,-49.330086,-72.88633
Exploradores Lago Del Desierto,"in the agency poorly prepared for customer service,
 the wonderful place
The excursion to go see the Vespignani glacier in theory was 45 minutes sailing, and it turned out to be 25-30 minutes at most, that cost 11,200 pesos
They charged us 18,000 pesos per person to go see the glacier (public place). The guide was not clear in explaining the trails. He only showed us the map of the trail. He waited for us on the way back with tea or chocolate.
In short, they charged us 18,000 per person to go to a public place and a tea",3,-49.330086,-72.88633
Exploradores Lago Del Desierto,"We took this excursion for a day in El Chaltén and overall had a great time.  The lake is beautiful and the trails available are fantastic. The trip starts with a bus ride to the lake which is about an hour along the river. Then a 30 minute boat ride on the lake to the trekking site.  There are lovely trails here ranging  from very easy to moderate.  The moderate trail leads to a beautiful view of glaciers across a small valley. A little gem of a trail.  A few hours later the boat returns to the southern end of the lake and an opportunity to take a short but somewhat demanding hike to a turquoise glacier lake and Huemul glacier.  Overall a great day of moderate hiking with delightful endpoints.

However, the tour company needs to up its game in terms of customer service.  On the good side, the trip was punctual and comfortable.  However there was minimal engagement with the visitors.  The gentleman who appeared to be the leader was also the bus driver but he had little to say.  The group leader told the group that she didn't know much about the area and her job was to just organize the group and she wouldn't be saying anything along the bus ride.  And she was true to her word - she chatted with a friend about boyfriends.  I am not a traveler who thinks everyone in other countries should speak English, and my Spanish is fine, but I thought it was unusual in tourism that there was no English explaining the day since there were many foreign tourists for whom English is the lingua franca.  At the boat dock, there wasn't much explanation on any language and all the participants were wondering what they were supposed to do next.   At the trekking site, there were explanations in both Spanish and English and this was the first time that the day's schedule was finally explained.  When the boat returned to the bottom of the lake and the was an opportunity to hike to Huemul, there was little information on the exact time we had to be back to the bus and the operators were annoyed when a handful returned before the time we thought we were expected back but after the time the operators expected us back.

Overall, really a great day and easily worth the cost.  I wouldn't hesitate to recommend doing this trip, but don't expect the level of tour handling that is so much more typical in Argentina tourism.  ",5,-49.330086,-72.88633
Exploradores Lago Del Desierto,"Excelente coordinación para una excursión preciosa, amena y perfecta para hacer, inclusive, con niños.",5,-49.330086,-72.88633
Exploradores Lago Del Desierto,"Excelente excursión! La posibilidad de llegar a los miradores del glaciar Vespigiani y del glaciar Huemul, por senderos de gran belleza.. Para los que gustan de hacer trekking. Si bien los senderos son autoguiados, los guías son super atentos y simpáticos con los turistas. Un ""break"" con café, chocolate y galletitas. Muy recomendable!",5,-49.330086,-72.88633
Exploradores Lago Del Desierto,"Disfrutamos del paisaje y el entorno natural.
Lo que no nos gustó es que ponen un tiempo ajustado para recorrer los senderos tanto al Glaciar Vespignano como al Huemul considerando que hay pasajeros de distintas edades y condiciones físicas.
No se da el tiempo para un mínimo disfrute.",3,-49.330086,-72.88633
Exploradores Lago Del Desierto,"Contratamos la excursión a Lago del Desierto, la cual incluía traslado, navegación y visita a los glaciares Vespigiani y Huemul. 

Lamentablemente, la guía brindó muy poca información en todo el trayecto. Durante el traslado por tierra, nos hicieron escuchar tres audios con muy poco contenido específico de los lugares que íbamos a visitar.

Además, en un tramo de la excursión quedamos sin guía, y no habíamos recibido indicaciones adecuadas para acceder al glaciar Huemul.

El lugar es muy lindo, pero tienen muchísimo por mejorar en relación con la designación del guía turístico.",2,-49.330086,-72.88633
Exploradores Lago Del Desierto,Muy linda excursión. Guías atentos con el turista. Puntuales y gentiles. Super recomendable. Paisaje increíble.,5,-49.330086,-72.88633
Exploradores Lago Del Desierto,"We were very lucky with weather - a beautiful day. Collection was without any problem from our accommodation. The crew were helpful (in Spanish and English).

We opted for the 2 glacier trip. If we had one minor gripe it was timing: we had ample time to see Vespignani (and plenty to spare as we waited for the return boat) but we only just had time to get to Huemul and back - practically running up and down the ~50 min / 230m climb trail. An additional 30 mins at Huemul would have made it that little better.

Still, some breathtaking scenery to be sure. 2 differently but equally beautiful spots.",4,-49.330086,-72.88633
Exploradores Lago Del Desierto,"Ce sont des cowboys qui sortent le bateau quand ils veulent sans donner d’explication ni d’excuse si il y a retard.
Prévoyez assez de nourriture si vous devez attendre le bateau du côté punta norte.",1,-49.330086,-72.88633
Exploradores Lago Del Desierto,"Queria hacer un trekking por el lado norte del lago del desierto y candelario mancilla

Consulte en la agencia del chalten exploradores lago del desierto y la chica me indico que los jueves salian de punta sur del lago a las 10am dejandome en punta norte. Y el sabado recogian a la gente a las 11am de punta norte para volver al Chalten. Le comente que el domingo tenia el vuelo a Bs As, y me confirmo que los sabados era la vuelta, y si habia alguna situacion podia pedir a gendarmeria que llame por radio al bote. Volvi a consultar lo mismo en el barco para asegurarme y me confirmaron lo mismo.

El sabado a las 11am estaba esperando con 2 norte americanos, un italiano y un suizo que venian de villa o'higgins. Como eran las 11:30 y no llegaban, el suizo consulta por mensaje a la oficina del chalten, donde le indican que le diga a gendarmeria que ellos llamen por radio al bote si venian a recogernos. Del bote les responden a gendarmeria que vendrian al dia siguiente, el domingo. 

Al dia siguiente nos buscaron solo a nosotros. Cuando les consultamos porque no vinieron el dia que tenian programado, no nos dieron explicacion ni se disculparon.

Yo perdi el vuelo y tuve que comprar otro pasaje.

Reconozco lo bien que se porto la gente de gendarmeria que al ver la irregularidad de la situacion, nos consultaron si teniamos para comer a la noche, ofreciendonos pastas o necesitabamos algo.

Me parece que si es la unica agencia que hace un tour y cruce del lago, tendrian que respetar lo que prometen. Y no usar gendarmeria como guarderia de turistas o para comunicarse.",1,-49.330086,-72.88633
Exploradores Lago Del Desierto,"Muy buena experiencia. Los guías muy cordiales y serviciales.
Compramos la excursión por la página de Despegar y elegimos la que incluía el sendero azul (vista más cercana del glaciar, sendero dentro del bosque de 3km y un poco más de 500m de desnivel), por lo que nos esperaron una hora más para poder terminarlo mientras que el resto de los pasajeros recorría el glaciar Huemul (algo que ya habíamos hecho). Antes de salir hacia el sendero nos dieron varias indicaciones y una radio (porque íbamos solas por el sendero) con la cual uno de los guías se estuvo comunicando constantemente con nosotras para chequear que todo estuviera bien. Al llegar fue espectacular, lo valió completamente (así como todo en el Chalten). Luego, al regresar al domo, nos esperaron con un chocolate caliente y galletitas (estaba incluido en la excursión que compramos) como para completar la experiencia de mejor manera aún.
Debido al tiempo que disponíamos no pudimos hacer el resto de los senderos, sino sólo el azul.
Recomendable si el estado físico y las condiciones climáticas se los permite.",4,-49.330086,-72.88633
Exploradores Lago Del Desierto,"Visité Lago del desierto y reserva Vespignani recientemente. 
El lugar es una maravilla de la naturaleza, pero los servicios de la empresa fueron decepcionantes. 
La atención en la oficina de ""Exploradores..."" fue grosera, por lo cual compramos la excursión en otra agencia, pero ""Exploradores..."" es la única empresa que te lleva y, a juzgar por nuestra experiencia, es desprolija. 
La guía brasileña que nos acompañó no aportó la información y los comentarios geográficos, históricos, etc, que, en general, esperamos cuando vamos a conocer un lugar así. 
El conductor que nos trajo de vuelta a El Chalten musicalizó con Bossa nova... (hermoso género, pero me pareció fuera de contexto).
Considero que no es lo mejor que podemos ofrecer a quienes viajan desde lejos para conocer la Patagonia Argentina (por cierto, afortunadamente, El Chalten estaba lleno de turistas de muchos lugares del mundo).
En resumen, en mi opinión, el lugar es hermoso, pero a la organización le faltó onda, alma, corazón...",3,-49.330086,-72.88633
Exploradores Lago Del Desierto,"En la WEB ofrecen servicios que no proporcionan (por ej. el traslado desde el centro de El Chalten hasta la estancia El Pilar). La atencion en el local de El Chalten fue sumamente descortes hoy. No podemos opinar mas porque, obviamente, no contratamos ningun servicio. Buen camino",1,-49.330086,-72.88633
Parque Municipal Llao Llao,"Wet and muddy walk but really peaceful with the sound of the rain and the route taking you past the arrayanes and then to see the beach on the lake 

The Arrayanes trees are absolutely spectacular! Then the view from the beach is stunning, even though when we were there it was raining it was a dramatic view with the mountains and the clouds!

There is a car park at the park entrance and if that’s full, you’re able to park alongside the road. Just be careful if parking alongside the road as if you park in the mud and it rains, your car may become stuck (we noticed a few people pushing cars from mud) 

The walk is very easy for any ability and like I said it’s extremely peaceful! 

If you’re in the area and like a walk, I recommend this route. There is also a small van that sells sweet and savoury snacks!",4,-41.05206,-71.540215
Parque Municipal Llao Llao,"A beautiful place to contemplate nature and enjoy the landscape, plants and birds. Well marked path and care. At least when we went 2/15 in the morning there were many people who made it difficult to have a moment of silence. The availability of bathrooms very important and valued.",4,-41.05206,-71.540215
Parque Municipal Llao Llao,"A park cut by a Ruta. 
Be aware of this when choosing the side on which you will make the sandwich.
Beautiful landscapes. You don't know where to look.😁",5,-41.05206,-71.540215
Parque Municipal Llao Llao,"I did the trail from Cerro Llao Llao and I was surprised by the view. The difficulty level is easy/medium, if I'm not mistaken it's 6/7KM but for me who never did track I found super quiet. And the view is really very beautiful, really. In the mirante (where there are some stones) you can even make a picnic",5,-41.05206,-71.540215
Parque Municipal Llao Llao,It's a beautiful experience we went as a family!! All beautiful is worth it. The views are unique we would do the trail again!!,5,-41.05206,-71.540215
Parque Municipal Llao Llao,The landscapes were amazing...those lakes those forests...the beautiful city...with flowers...they told me that in autumn it gets beautiful...very sad the fires 😭 to enjoy...every corner...,5,-41.05206,-71.540215
Parque Municipal Llao Llao,"The Llao Llao National Park in San Carlos de Bariloche is a prime work of nature. Breathtaking landscapes, it has a number of attractions, among them is the famous Resort Llao Llao, visited by tourists from all over the world.",5,-41.05206,-71.540215
Parque Municipal Llao Llao,"We rented a car in September 2024 and we made the Chico circuit and found this park . Free entry and a trail (very easy) to make (old , child ) . We take around 1 hour (travel) at the end of the trail has a lake and in the middle of the trail you find an arrayán tree forest (species of Patagonia). 
I suggest taking a paradinha on the site and walk the trail and see some of the vegetation of the site",5,-41.05206,-71.540215
Parque Municipal Llao Llao,Visited both in November 2022 and now. Good park to walk with most of the low-demand trails. You can see a lot of biodiversity (although it's a shame that it is so invaded by reeds that it is an Invasive Exotic Species).,4,-41.05206,-71.540215
Parque Municipal Llao Llao,"Beautiful place: myrtle forest, forests, views of Llao Llao, Lago Escondido, viewpoints.
You can go from the center of Bariloche by bus: with bus 20 you have to get off at Puerto Pañuelo (the bus takes you behind the Civic Center on San Martin Street, where the artisans' tent is).
From Puerto Pañuelo you walk a few meters and you reach the beginning of the trail: the forest is very beautiful, there is a small forest of myrtle trees and further on you reach a beach on Lake Moreno from where you can see the Hotel Llao Llao, the viewpoint , the bridge over Lake Moreno that divides Moreno West and Moreno East, you can see trout, etc.
Continuing in the same direction you reach the route (Circuito Chico) and walking a few meters and crossing the route you can start another path to go to Lago Escondido, Bahia Los Trunks and Miradores del Capilla and Bahia Lopez.
We walked towards Bahia Lopez where the hotel is thinking about having a snack there, we only took a few snacks because unfortunately there weren't many options... The bus 10 passes by the hotel but has a very bad frequency (the next one was going to pass after 10 p.m.), so we walked towards the road to Colonia Switzerland. Buses 13 and 10 pass there. The 10 goes to the center of Bariloche but it was very full and we couldn't get on, so we took the 13 to km 18 and from there we combined with the 20 to return to the center of Bariloche.
If you can choose the day to go, I advise against going on Sundays since those are the days when there is a bus stop in Colonia Switzerland and the buses leave full from there and do not stop along the route.",4,-41.05206,-71.540215
Parque Municipal Llao Llao,"My husband and I arrived by public transport to Puerto Pañuelo and then we walked to the access. At the entrance there is a place where you can buy something hot or drinks, it has several tables where you can have some mates and it has public bathrooms. We did the Arrayanes and Lago Moreno Trail at the first opportunity. It is of low difficulty, you can see beautiful landscapes. Then we returned another day to do Villa Tacul, it seemed a bit long and tiring. We arrived at a small beach that was full of people, very close to the parking lot. To return we took the route and the way seemed shorter to me. Please note that you cannot enter the Llao Llao Municipal Park with motorcycles or bicycles, and animals are not allowed.",4,-41.05206,-71.540215
Parque Municipal Llao Llao,"It is surprising that such a well-worn place continues to hide these comforting corners. Low difficulty trekking to share with the family... and free!!! Suitable even in winter. Own parking at the beginning of the trail coming from Bariloche through ""Circuito Chico"" accessed on the left 800 meters after Puerto Pañuelo. There they will have information on signs about the different trails. From that same place you can start the Myrtles Trail that reaches Lago Moreno but halfway there you will find beautiful large myrtles. There is no service so you have to take what you need, including water and clothing in several layers. There is a picnic table at the beginning and it is not usually full of people even in high season. The path to Villa Tacul that takes you to the bay and beach but over Lake Nahuel Huapi is 400 meters further along the road and on the right side of the route. It is a good complementary activity to Myrtles with a little more demand without any technical difficulties. Planning to arrive for lunch at Tacul Bay can be unforgettable. Warning: return along the same path, since if you take another path you can still travel through a divine landscape....but you will appear a few kilometers further from the starting point....and if you went by car you will never forget it. They are short walks with little elevation gain and only require time. In each one you travel about 6 km. A great opportunity to exercise as a family.",4,-41.05206,-71.540215
Parque Municipal Llao Llao,Podes llegar en colectivo de linea ( el 20 ) desde el centro y hacer los senderos que mas te gusten!,5,-41.05206,-71.540215
Parque Municipal Llao Llao,"Los senderos están muy bien cuidados y señalizados. Excelentes recorridos para principiantes, cortos y con hermosas vistas",5,-41.05206,-71.540215
Parque Municipal Llao Llao,Bello y refaccionado hotel. Se puede ingresar y hacer un brunch u otras comidas. Es un clasico de Bari... hay que visitarlo!,4,-41.05206,-71.540215
Parque Municipal Llao Llao,"Tiene varios circuitos cortos para caminar y encontrarse inmerso en el bosque. Muy buenos el bosque de Arrayanes, Mirador Lago Moreno, escalar Cerro Llao Llao, Lago Escondido y bahia Los Troncos.",5,-41.05206,-71.540215
Parque Municipal Llao Llao,"Ya hicimos varias veces caminatas por este parque. Tiene varios senderos, sin gran dificultad en el medio del bosque, con preciosas vistas al lago. Los senderos están muy bien señalizados y cuidados",5,-41.05206,-71.540215
Parque Municipal Llao Llao,"Se llega en el colectivo 20 hasta puerto pañuelo, de ahí tienen una caminata de unos 20 minutos hasta la entrada del parque municipal llao llao. Tiene varios senderos para recorrer 100% gratis. Es nuestra primera vez haciendo trekking y logramos recorrer el sendero cerró llao llao, el sendero de villa tacul, el sendero de lago escondido y la bahía de los troncos. El cerro llao llao es de dificultad media, lo pudimos hacer sin dificultad tomándonos nuestros tiempos, apreciando las vistas y la tranquilidad del sendero. Luego fuimos para villa tacul, donde tiene espacio para sentarse y apreciar la vista al lago y disfrutamos de unos ricos mates. Con respecto a lago escondido, no nos pareció la gran cosa ya que es simplemente un mirador, pero no quita que es muy bello. Por último la bahía de los troncos no fue muy lindo, si están cansados pueden saltearlo.",5,-41.05206,-71.540215
Parque Municipal Llao Llao,"Se você fizer o Circuito Chico com carro certamente passará pelo Llao Llao,  um pedaço lindo daquele região não menos linda.",5,-41.05206,-71.540215
Parque Municipal Llao Llao,"Hermos para caminar, recorrer su bosque, playa, senderos. Tom,ar un cafecito en el ingreso. No se lo pierdan, llegué en colectivo de linea, con la SUBE",5,-41.05206,-71.540215
Cerro Campanario,"A lovely walk to Cerro Campanario via the chairlifts, where you can appreciate a magnificent landscape perfect for taking plenty of photographs. At the top, there is a café, and the visit is very secure. You can see native flora, and you can arrive by private car or through tourism, taxis, or ride-sharing apps.",5,-41.172195,-71.344826
Cerro Campanario,"It is a place with excellent views of Bariloche and the surrounding areas. Take the time to look from different angles and observe which other places you have visited or will visit.

I like to hike up; it is steep, so you need to be careful when coming down. It is quick, taking between 20 and 30 minutes, depending on each person. The chairlifts are an excellent option, of course.",5,-41.172195,-71.344826
Cerro Campanario,An unmissable walk with 360 views that even in bad weather are enjoyed. You can climb by aeroplane (recommend) or on foot. At the top is a confectionery with a rich pastry.,5,-41.172195,-71.344826
Cerro Campanario,"Located at kilometer 17.5 of the Chico Circuit, this hill is famous for offering one of the ""eight most striking views in the world"" according to National Geographic. You can ascend by aeroplane or a trekking trail to enjoy a 360° panoramic view that encompasses Nahuel Huapi and Moreno lakes, the Llao Llao peninsula and the imposing Cerro Catedral. It is a must-see because it condenses all the beauty of Patagonia into one look, being the quintessential photographic point of the region. It is, without a doubt, the stop with the greatest visual reward of the whole tour.",5,-41.172195,-71.344826
Cerro Campanario,"The visit offers a spectacular view from above and the climb with the chairlift is really impressive. The only downside is the waiting line, a bit long, but still worth it.",5,-41.172195,-71.344826
Cerro Campanario,An extraordinary 360°. Under the snow it must be even more impressive. The chairlift ride is nice. You can also climb on foot but now it's more sport.,5,-41.172195,-71.344826
Cerro Campanario,"I definitely recommend visiting Cerro Campanario. The chairlift opens at 9am. Or you can hike up to the top along the well-marked trail that is just about 1.3 miles. We chose to hike, and the trail is very steep but short. We are fast hikers, and it took us less than 30 minutes. 

The views at the top are stunning and 360! There’s a cafe at the top in case you need a snack. There is also a souvenir shop. 

We rode the chairlift down to see more of the view. You have to pay both ways for the chairlift even if you are just going one-way.",5,-41.172195,-71.344826
Cerro Campanario,"Place is beautiful, we were scared to see the hiking time so we took the aerosilla, our relatives took 15 minutes walking hahaj, but it was completely worth climbing in the aerosilla because the view is spectacular, they have a restaurant with affordable prices and the best are the panoramic views.
They take a picture of you when you get upstairs, the one about us came out great... excellent service.
I would visit you again, greetings from Chile.",5,-41.172195,-71.344826
Cerro Campanario,Charming chairlift ride to the top of Cerro Campanario with cafe and toilets at the top and a range of terraces with magnificent views across over all 360 degrees.,5,-41.172195,-71.344826
Cerro Campanario,"For more than 15 years that I was not going xq the 1st fence that I went rained and nothing could be seen I loved found the actress Andrea corner. We take pictures the day belli
We have a coffee etc.",4,-41.172195,-71.344826
Cerro Campanario,"Not that it was chosen as one of the most beautiful views in the world. When I got there, I didn’t believe what I was seeing, I had to glimpse a few times to make sure that landscape was real. Without a doubt that it is the most beautiful landscape I have seen in my whole life, I would return to this place countless times",5,-41.172195,-71.344826
Cerro Campanario,"Nice place, nothing to say, since I was born and raised here of course, the bad treatment that gets you in the chairs is REGRETTABLE and a lot of bad education, I expect the due dismissal. For more details, she basically lowered my daughter's arm because she was afraid to go upstairs, I had to stay downstairs with her.",1,-41.172195,-71.344826
Cerro Campanario,Total disappointment. Poor organized place. There's only a cafeteria up there. Small does not fit almost anyone. A shame a beautiful view but lack structure. As all Bariloche urgently in need of reforms in many tourist attractions,1,-41.172195,-71.344826
Cerro Campanario,"We went with my daughter with CUD (autistic), the entrance was free of charge for her and I who am her companion, the point is that if they offer benefits for the ascent, it can not be that there is no priority in line for the aero-saddle, when we went there was a delay of two hours, obviously my daughter has no tolerance to wait, we appeal to the goodwill of a family that let us pass and I thank very much, it would be good that the staff of the hill make it complete, they just told us that if my daughter got impatient we could come back another day.",3,-41.172195,-71.344826
Cerro Campanario,"It is one of the most beautiful views of Bariloche. I recommend going ""on account"", without doing Circuito Chico, as you can stay longer and enjoy the place and the views. On Circuito Chico, you will be able to stay at the top of the Cerro for about 20 or 30 minutes, at most. We managed to go and go easily from Uber. Be prepared for long, average hourly queues on weekends and high season. Children up to four years do not pay. You can buy tickets directly at the box office. I recommend visiting the confectionery located in Cerro Campanario: there are several sweet and salty options. In addition, from there you can also enjoy the views of the mountains. There is no Table Service: you order at the counter and take. Prices are much more expensive than usual, which is expected in a tourist and isolated place.",5,-41.172195,-71.344826
Cerro Campanario,"Very beautiful view. You can up by chair lift paying almost 15 usd or by walk, that take 45 min to up hill.
At the top there are three points to 360 degrees view of lakes and mountains around the area.
You have take some time are the top to enjoy.
There are a coffee shop to if you want eat or drink something observing landscape",5,-41.172195,-71.344826
Cerro Campanario,"Okay, the chair is expensive, I'd recommend walking upstairs unless you have an impediment. It is 1km only climb, it is done in 40 minutes going quietly.",3,-41.172195,-71.344826
Cerro Campanario,Unbeatable views of nearby lakes and mountains. Several viewpoints. Panoramic confectionery with the same accessible prices,5,-41.172195,-71.344826
Cerro Campanario,"I did not qualify with 5 points because the admission was not the best experience since the man who was at the reception ""Hugo"" was not at all friendly, we had paid for the aeroplanes with an agency and the man would not let us in or where to help us, I had to contact me with the agency, in the end it turned out that in the same place was a boy from the agency who helped us, but the attitude of this man at the reception was very rude, of the rest of the people we have no complaint, we were treated very well and the view of the place was incredible! Seriously hurt that gentleman because being the first person you have contact with you should have better attitude with the people we go to that place to meet!",4,-41.172195,-71.344826
Cerro Campanario,"During the breaks in our meeting, I gathered some information about places to visit. I, an Egyptian, and a Moroccan woman set out for Cerro Campanario. There, one can take a lifting chair up the mountain, providing a panoramic view of the entire Patagonian region. At the top, there’s a café where one can enjoy a light lunch. With the plan to have lunch and admire the mountain views, we boarded bus number 220 toward Cerro Campanario.
As the bus traveled through winding mountain roads, we passed dense forests, barren hills, and deep blue lake waters that captivated tourists. The bus stopped at various points, allowing passengers to get on and off. Based on my information, the driver would call out “Cerro Campanario,” and most passengers would disembark at that stop. However, after a long time, the driver didn’t make the announcement, and the majority of passengers remained on board. When I asked a fellow passenger, they mentioned that Cerro Campanario was still five stops ahead. Following their advice, we got off at the next stop to catch a bus going in the opposite direction.
Upon exiting the bus, we found ourselves in a dense forest with only a single, rarely traveled road. We couldn’t understand why there was a bus stop in the middle of such a secluded place. Standing inside a small tin shed, we waited for the bus while hoping there were no wild animals lurking nearby. Ten minutes later, the same bus returned, and the surprised driver looked at us and asked about our situation in fluent English. He then reassured us that he would personally drop us off at Cerro Campanario.
Once we got off the bus, we bought tickets for the chairlift up the mountain. Lately, I have been moving cautiously—though I won’t say why—so I hurried ahead and got on a chair alone. My two companions took the next chair. As the chairs ascended via cables, we gradually gained a breathtaking view of nature’s wonders. After a long ride, my chair finally reached the landing position.
A man at the top aimed his camera at me and said, “I’m taking your picture—look at me.” When I got off, another man showed me my picture on a tablet and said, “See how beautiful your photo turned out? If you want to receive it, pay three dollars at that counter and email us.” What a clever business model! But the photo was indeed stunning, so I paid three dollars, sent them an email, and received my picture.
At the mountain peak, there was a café with a rooftop view where everyone admired the beauty of the Andes. Hundreds of mountain peaks and the deep blue waters of the lake below created an enchanting scene. Breathing in the 100% pure air, I filled my lungs with freshness. Meanwhile, my stomach was making loud demands. We ordered an entire Patagonian beef pizza, which was too much for the three of us. We didn’t want to waste half of it, but we also felt hesitant to offer it to someone. Just then, two other participants from our meeting arrived. When we offered them the remaining pizza, they gladly accepted.
We spent a long time wandering around and taking pictures before descending via the chairlift before sunset. The next morning, at 8 AM, we bid farewell to Bariloche and flew to Buenos Aires.",5,-41.172195,-71.344826
Cerro Tronador,It is a beautiful place with beautiful views and the road to get there is beautiful. It is a good idea to hire an excursion as the road is ripio and mountain.,5,-41.165318,-71.88186
Cerro Tronador,"Impressive black blizzards. Beautiful places on the way there: Bonete Hill, Black Beach, Mascardi Lake, Meek River, etc.",5,-41.165318,-71.88186
Cerro Tronador,"It's a field trip we take every two or three years. The road is pretty tedious after the Rapids area. When one arrives, one forgets the discomfort of the riverbank and the beauty of the landscape ends up falling in love with it. This applies to both winter and summer. The snow in the winter or the possibility of hearing it thunder cap the excursion. In the area of Pampa Linda there is an inn with restaurant, a confectionery and campsite with very good infrastructure where you can stop both camping and spending the day. Please note that there are check-in and check-out times. Always consult before going.",5,-41.165318,-71.88186
Cerro Tronador,"After many years I returned to visit him. The Black Blizzard regressed and I marveled at the water in the lake: light green well-opaque and with ice sludge floating, very white. A postcard!
We also made the trail quiet and easy Devil's Throat, with closed but enjoyable access as far as we could go.
The road to Tronador is long, to take it very patiently and enjoying nature. 
A joy to see the Hotel Tronador resplendent again.",4,-41.165318,-71.88186
Cerro Tronador,They should improve the riparian path a little more and put protection in the cliff areas. Excellent attention and care of park rangers and gendarmerie. Worth it!!,4,-41.165318,-71.88186
Cerro Tronador,"Excursion departs approx 60,000
It's 9 to 18.
It can also be done by car, but check if the route is enabled or not (depends on the weather and the state of it).

Take cash to pay 6000 admission to the park and lunch at Pampa Linda (17000 a plate).

Beautiful landscapes. Stops in Playa Negro, Isla corazón, meek river rapids, black blizzard.",5,-41.165318,-71.88186
Cerro Tronador,"Destiny very nice, tour my birthday there and really is very beautiful and impressive, a pity the journey to be so long and with so much zig zag, but it is understandable",5,-41.165318,-71.88186
Cerro Tronador,"The landscapes are amazing, with beautiful stops along the route that takes all day. We leave at 9hs and return at 20hs. Part of the way is on ground road which makes the trip a little tired, but worth the experience!!! The Cerro Tronador is wonderful and beautiful, impressive!!! This tour I recommend going with agency due to the route and distance. On the way stop at a restaurant called Pampa Linda, bad food, sour rice, all graceless and expensive, if you can take your snack and leave for dinner on the way. At the entrance of the park have to pay 15,000 pesos only accept money in pesos. they offer payment with credit card but the QR Code does not work, therefore they accepted to exchange 100 dollars, smaller notes did not accept too, the exchange in weight at the lowest possible quote. Keep an eye on this! On the way we stopped at a beautiful waterfall that is 10 minutes walking, it was amazing this place!!!",5,-41.165318,-71.88186
Cerro Tronador,"We were in doubt to make this tour and it was one of the best activities of Bariloche. 

The Nahuel Huapi National Park is a must-see Attraction for those who visit bariloche and the Tronador is not just ""anymore a snowy hill"". We did the tour with a tourist guide (Jesse), which was a big difference, as we had real lessons of history, geology, meteorology and botany about the region. That left us informed and socially connected with Patagonia. So I suggest making this trip with Guide to learn about the region.

However, it is a bit of a long, full-day trip, and a bit of a tired one. I don't think it's attractive to kids.",5,-41.165318,-71.88186
Cerro Tronador,This excursion and the excursion of Port Blest with Lake Frias are my unmissable among the classics of any season in Bariloche. Beautiful excursion. Nice to hear the Throner thundering. It excites so much vastness of nature and so much beauty.,5,-41.165318,-71.88186
Cerro Tronador,It's beautiful scenery.. the blizzard full of snow.. nature to full. The trip is a bit long..but if you get a Guide that makes the trip more entertaining..have a good time..,5,-41.165318,-71.88186
Cerro Tronador,"From Bariloche, we rode a bus to Pampas Linda, where we hiked to the 300-foot-tall waterfalls that flow from the Castano Overa glacier on Mount Tronador. The entire journey through a beautiful old growth forest was breathtaking. The nine miles round trip hike is comparatively easy, with perhaps only a thousand feet of elevation gain. The bus ride's lake and forest scenery was equally breathtaking. There are several lovely campgrounds along the lakeshore, so we wish we had planned to camp and spend more time here.",5,-41.165318,-71.88186
Cerro Tronador,"Highly recommended, a beauty and we were lucky enough to hear a mini glacier takeoff thunder, then we hiked up to the waterfalls which are further ahead",5,-41.165318,-71.88186
Cerro Tronador,Incredible place... lots of trails and the base of Tronador is worth the whole trip... a full day trip but I believe it's worth coming to stay for 3 days to explore the place,5,-41.165318,-71.88186
Cerro Tronador,"You leave Bariloche very early, on the way to Tronador. There are stops to go to the bathroom.

For me it is mandatory to do it with the larch waterfall, otherwise it is not worth it for the length of the trip.

The waterfall is not to be missed, then continue traveling towards the Tronador.

Before visiting you have lunch (expensive if you don't bring food) and the view is fabulous (although it doesn't always thunder...).

Right there, a short distance away is the base, you can walk for a while to a waterfall to drink meltwater.
And to begin the return, very long
AND",4,-41.165318,-71.88186
Cerro Tronador,"It is a spectacular and unmissable walk. I recommend doing the Los Alerces waterfall tour. Many agencies do not want to do the combination because it is longer, but we found Sí Turismo that did it and they fulfilled everything for us. In addition, Verónica, our guide, is super professional and passionate about nature, she told us many things. We were lucky enough to see landslides and hear this King of Patagonia thunder. It was incredible, better impossible.",5,-41.165318,-71.88186
Cerro Tronador,We went to explore and did kayaking and stand up paddle with my daughter. The experience was excellent. We took many photos and walked a lot.,5,-41.165318,-71.88186
Cerro Tronador,"“Enjoy the path, more than the destination”.
Take your time, take your time, stopping to admire everything along the way.
Leave to eat at the base. Excellent options. The biggest slice of key lime pie I've ever seen!
Amazing!",5,-41.165318,-71.88186
Cerro Tronador,"After a significant road effort, road in poor condition and dusty, we approach and the Cerro is revealed, it is impressive, superb glacial cirque, small icebergs in the lake.",5,-41.165318,-71.88186
Cerro Tronador,"When I went, in August a few years ago, in a week with a lot of snow, Cerro Tronador, and also Ventisqueiro Negro, are among the most beautiful places I've ever seen. The mountains, the glacier (Ventisquero), the lakes, the vegetation, all very impressive.",5,-41.165318,-71.88186
Colonia Suiza,"I didn't think it was pretty. The road to get there is bad, the prices of the businesses are high, for example the sweets are almost double what you can buy them in the supermarket (which by the way, sell good and at a good price). We thought it would be picturesque architecture, but no, nothing worth the trip. Only the lady who sells homemade pastry leaving the Swiss colony, made all the mobilization not in vain. Maybe in summer it's something else.",2,-41.0953,-71.51035
Colonia Suiza,"beautiful as ever, the windless beach is a sight, there were activities like kayaking for an hour, the truth very nice everything!

As always to improve is the schedule of the collective quite bad, the one that plans to go as well as us .. collectively, turn in time to the stop because the line becomes long.

bariloche is a beautiful city

ps: many yellow jackets.",5,-41.0953,-71.51035
Colonia Suiza,"I just wasted a day cabbing out there and taking a dusty bus back. What was that? There was nothing Swiss about it apart from a few shields and the names on some buildings.

There were one or two cute craft shops—but honestly, you could find the same kind of shops almost anywhere in the world. A couple of restaurants were open, serving the same food you can get anywhere in Bariloche—or really, anywhere in Argentina.

To be fair, I didn’t go on a Sunday or Wednesday, when more stalls are apparently open. But still… wow. It felt like a pretty sad waste of a day of my vacation.",1,-41.0953,-71.51035
Colonia Suiza,"Be careful, they broke our car lock while we were eating lunch, and they stole two backpacks. The police were gone, we had to go to Bariloche to make the complaint.",2,-41.0953,-71.51035
Colonia Suiza,"Sunday at the famous Food Court of Cologne Switzerland, I bought Welsh Cake, I come home after a long trip, I cut it, I share it with the family, we take a bite and then we see what I had: Spider webs, walking red insects, and several white worms turning into the cake, a real stinker. It was bought at the Chacra Don Goye pastry stand, on the sweet side, well on the corner is located. Look carefully at what you are going to buy because there may be unpleasant surprises.",1,-41.0953,-71.51035
Colonia Suiza,"Awful, don't go. It's an overrated destination. They charge you fortunes to park, and if you don't have to leave the car far enough away.
The food standard and quite expensive.
Craft ports like those of any fair with a new age influence without personality and with doubtful artisan origin. Full of people which makes it very uncomfortable.
And the Swiss??? If there was anything authentic it wasn't where we went",1,-41.0953,-71.51035
Colonia Suiza,"It's a really nice place. Lots of green, mountains. There are restaurants, shops with different crafts. Lots of tourists. Recommended, a worthwhile walk.",4,-41.0953,-71.51035
Colonia Suiza,"Cologne Switzerland is the first European settlement in the region and a historic retreat just 25 km from Bariloche. In this picturesque town you can witness the curanto ceremony (food cooked underground), tour its craft fair, enjoy beaches on Lake Moreno and taste local craft beers. Ideal for combining with the Chico Circuit, it offers direct contact with the roots of Patagonia in a privileged natural environment. You can't leave without trying their homemade pastries.",4,-41.0953,-71.51035
Colonia Suiza,"It is a nice and different place to spend just a couple of hours.  There is a variety of food and it is very delicious. Unfortunately, public transport is scarce.",4,-41.0953,-71.51035
Colonia Suiza,"Fifteen years ago I was in Switzerland for the first time and it was a nice walk. In fact, it was a small, well-organized community with a certain alpine atmosphere. He changed a lot from there to here and to the worse, much worse: he became an overpriced craftsman, dirty and disorganized. Zero alpine atmosphere. Don't go, there's a lot better to be seen in Bariloche.",2,-41.0953,-71.51035
Colonia Suiza,"We went on a Sunday for suggestions to enjoy the fair. The place is beautiful, surrounded by trees and very good people. There is a variety of food, drinks and prices to suit every pocket.",5,-41.0953,-71.51035
Colonia Suiza,"I don't recommend it. We did the Chico Circuit and we really liked it, but this villa is a tourist catcher!!!! I went on a Monday and apparently the fair is on Wednesdays and Sundays. Its only attraction I think are souvenirs and food (tourist price, of course). Really expendable!!!!",1,-41.0953,-71.51035
Colonia Suiza,"Too many popular bars/food businesses. Nothing spectacular. The craft businesses and/or are like years ago. I WOULDN'T COME BACK.
THE REST OF CURANTO STANDS OUT",3,-41.0953,-71.51035
Colonia Suiza,"The place is picturesque and Lake Perito Moreno with the beaches there are very quiet. The experience is overshadowed by why they open vehicles parked around to steal belongings. Every Bariloche knows what happens and there is no one controlling or looking after. 
A city that doesn't value the tourist.",1,-41.0953,-71.51035
Colonia Suiza,"Beautiful and wonderful place, very friendly people, delicious food, lots of variety and beautiful things at the fair. Beautiful landscapes",5,-41.0953,-71.51035
Colonia Suiza,"Patio food, nothing otherworldly. It's the second time we've been, I think it might be better organized. Bathrooms leave you wanting.... It's much nicer the Conventillo part than the food court itself. There are much nicer places in Bariloche.",3,-41.0953,-71.51035
Colonia Suiza,"It is easy to get by car to the town from Bariloche, the roads are without pavement so there is quite a lot of dust, the pictures of the postcards shown on the internet are from their best angles, the reality is not so wonderful so do not take many pictures... you can buy souvenir and crafts, plus beers which are good",3,-41.0953,-71.51035
Colonia Suiza,"Very nice place to visit; with very charming craft businesses, bars and restaurants. Wednesdays and Sundays is the fair.
We went to have a snack in Mali, which is a cart with tables inside and outside a typical produce business. Very nice moment in a harmonious environment.
Nearby are the trails Goye and Black Lagoon, worth it.",4,-41.0953,-71.51035
Colonia Suiza,"Beautiful city, nice place and as it criticizes, the fair nothing new, except the locals some.the food is not expensive!!, in a few hours it is traveled and the.transport that takes you eye..because it demands few cars and schedules, to be taken into account.",4,-41.0953,-71.51035
Colonia Suiza,"It's a beautiful place in the middle of the mountains. Ideal for spending the day in the middle of nature and knowing the history of those who were encouraged many years ago to settle there. There are several restaurants to eat and a food court with many dining stalls around. I am Angeles, Travel Coach of @viajeacorde",5,-41.0953,-71.51035
Exploradores Lago Del Desierto,"Hicimos la excursión que incluía la navegación x el lago y la caminata para ver el glaciar vespigiani. Excelente propuesta, hicimos todos los senderos menos el azul xq el tiempo es corto y deberías hacerlo sin disfrutar vistas hermosas. Muy recomendable llevar buen calzado de trekking.",4,-49.330086,-72.88633
Exploradores Lago Del Desierto,We took the day trip to Lago Desierto with Exploradores and had a really good time.  We chose the trip where you stay longer on land and have more time to hike their trails.  That was a good choice as the people that spent more time on the boat did not have enough time to see the glacier.,5,-49.330086,-72.88633
Exploradores Lago Del Desierto,"Hermoso paisaje y la atención recibida excelente!!!,de la joven de la boletería,del marinero,del gendarme.A todos mil GRACIAS.Tengo problemas de movilidad (uso andador).Y todos fueron solidarios,atentos,amables y gracias a la ayuda pudimos con mi esposo ,vivir esa hermosa experiencia.
Isabel y Vicente",5,-49.330086,-72.88633
Exploradores Lago Del Desierto,"Contratamos esta excursión a manera de ""descanso"" luego de dos jornadas de largas caminatas de 18 y 20km/día respectivamente. Consiste un transporte terrestre desde El Chatén (en la puerta del hotel) hasta la base Sur del Lago del Desierto (un poco más de una hora, parando un par de veces para magníficas vistas), luego embarque de media hora por el Lago hasta desembarcar en el muelle de la reserva, donde nos atendió una joven que nos explicó los distintos senderos y el grado de dificultad (amarillo, rojo y verde accesibles para veteranos como nosotros; y el azul más indicado para jóvenes deportistas). En las 4 horas disponibles en la reserva pudimos recorrer tranquilamente los 3 senderos, sacar fotos, disfrutar los paisajes y merendar tranquilamente. Al regreso, en el embarcadero nos ofrecieron un café caliente.  En resumen, es un paseo que lleva unas 7 u 8 horas en total, y que se disfruta plenamente.",4,-49.330086,-72.88633
Exploradores Lago Del Desierto,"Una opción única en El Chalten, lugar paradisíaco.. No pueden dejar de navegar sobre el Lago del Desierto para poder apreciar vistas increíbles del paisaje que lo rodea, además el personal que forma parte de la navegación es excelente y tiene toda la amabilidad. Gracias Jesús y Domingo por hacer que la navegación sea más que perfecta!",5,-49.330086,-72.88633
Exploradores Lago Del Desierto,"Un paseo imperdible para quien visita El Chaltén, tanto la navegación como la visita a la reserva son fantásticas. La atención de todos fue impecable,la chica del muelle recibiendo a todos con un sonrisa, muy simpática y atenta,los chicos del barco ayudando en todo y súper dispuestos y la chica que está en la reserva explicando todo y recibiendo a todos con café, chocolate caliente, galletitas y la mejor onda final de la caminata. Amé la reserva, hay senderos para todos los gustos, para quien tiene buena condición física y está acostumbrado al trekking recomiendo mucho el sendero azul, la vista del glaciar es realmente fantástica, les dejo una foto. Recomiendo 100 por ciento. Simplemente increíble.",5,-49.330086,-72.88633
Exploradores Lago Del Desierto,"Hicimos kayak en el lago del desierto. Es una opcion insuperable para conocer los glaciares que se asoman en las laderas de las montañas y diferente totalmente a la vision desde la embarcacion o el trekking. Fernando es un divino total, muy responsable y con muy buena onda. El dia estaba amenazante y con viento, sin embargo nos hizo esperar a ver si las condiciones climaticas mejoraban, y asi fue. El viento paró y lo hicimos, aunque lloviznando, que fue una experiencia fantástica. La serenidad de apreciar el paisaje desde el kayak es fantástica. Paramos en una playa y nos convidó un café calentito con un riquisimo alfajor. Nos encantó y lo volveriamos a hacer sin dudarlo!!",4,-49.330086,-72.88633
Exploradores Lago Del Desierto,Une agence vraiment nulle qui a été incapable de nous fournir les services qu'elle nous a vendu à prix d'or. Ne PAS passer par eux pour faire la traversée jusqu'à Villa O Higgins.,1,-49.330086,-72.88633
Exploradores Lago Del Desierto,We bought our ferry tickets here to go from south end of Lago o Higgins to Villa o Higgins (a Ferry you MUST take when you want to get back into Chile and the Carretera airstrip overland). They charged us 80 USD per ticket (charged in ARS at 4800). When we got to the ferry one could buy the ticket on site for 45000CLP which is about 60 USD at the time we bought it. So that company takes a 20usd commission for issuing a ticket! A complete rip off! ,1,-49.330086,-72.88633
Exploradores Lago Del Desierto,"Hicimos un viaje en familia a Lago del desierto. Nos pasaron a buscar por el hotel, fuimos hasta Punta sur y allí tomamos el barco hasta la reserva del Glaciar Vespignani. Un lugar increíbles con vistas hermosas. Tanto el personal del barco como el de la reserva súper amables. Agradecida por el hermoso día que pasamos.",5,-49.330086,-72.88633
Exploradores Lago Del Desierto,"Must avoid. Do not take this agency if going to villa O Higgins, it is better to do it by yourself or through another agency. Their sole added value would have been to let us know in advance before leaving El Chalten that the boat to Villa O Higgins had been cancelled for the next day. This would have saved us a tremendous amount of time and money. Instead, even if the decision to cancel the boat on lake O'Higgins had already been taken by the Chilean company in Villa O'Higgins, they didn't call anybody to check and told us that the boat should run just fine. We took a bus, a catamaran on lake Desertio, walked 22km at high speed (as we learned at the Argentinan border that the boat normally runs much earlier than told by the agency!!), all that to learn in Candellario Mancilla that no boat would ever come before at least two days. We had to spend the night in the only ""hotel"" there, which offers terrible and expensive service (even for those with tents, the spot is more expensive than in some campsites in torres d'el Paine!), knowing that travellers have no other option. We went back to El Chalten the next morning. We had to pay back the catamaran on lake Desierto and the bus back to El Chalten...expenses that the agency refused to reimburse! 
We also learned later that the price for the boat on lake O'Higgins with this agency (80 USD) is much higher than the price paid directly on the boat or through another agency of El Chalten (56 USD).",1,-49.330086,-72.88633
Exploradores Lago Del Desierto,"The people who provide this service do know about service vocation, we spared a few hours with them and we felt that we were old friends. Thank you so much!!",5,-49.330086,-72.88633
Exploradores Lago Del Desierto,"A fuir absolument 
Il ne sert à rien de passer par cette agence pour faire la traversée jusqu'à Villa O'Higgins, mieux vaut se débrouiller par soi-même ou avec une autre agence. Mauvais service et aucun sens commercial. Leur seule valeur ajoutée aurait été de nous indiquer la veille de notre départ d'El Chalten - quand nous sommes allés leur demander - que le bateau en provenance de Villa O'Higgins pour faire la traversée depuis Candelario Mancilla le lendemain avait été annulé. Ils ne l'ont pas fait, et n'ont pas appelé la compagnie responsable du bateau à Villa O Higgins pour vérifier, alors que l'agence chilienne savait deja à cette heure là que le bateau ne partirait pas. Résultat nous avons du prendre un bus, un bateau sur le lac Desierto, marcher 22km en se dépêchant car nous avions découvert à la douane argentine que le bateau pour Villa O Higgins passait généralement beaucoup plus tôt qu'indiqué par l'agence (!), pour apprendre à l'arrivée que le bateau ne passerait pas. Nous avons du dormir sur place dans un endroit miteux à un prix exorbitant (même pour ceux qui ont une tente), et sommes repartis le lendemain pour El Chalten en devant repayer le catamaran sur le lac Desierto et le bus de retour à l'agence. Mais, alors même que leur incompétence nous a coûté une somme considérable d'argent et de temps qui aurait pu être évitée par un simple coup de fil de leur part avant notre départ, l'agence a refusé de nous rembourser le trajet de catamaran et de bus retour ! A noter en plus que nous avons appris plus tard que l'agence vend le trajet en bateau Candelario Mancilla - Villa O Higgins à un prix beaucoup plus cher (80 USD) que le prix vendu sur place ou via une autre agence d'El Chalten (les autres voyageurs passés par cette agence avaient payés 56 USD).",1,-49.330086,-72.88633
Exploradores Lago Del Desierto,"Fuimos hasta el embarcadero con nuestro vehículo para hacer la navegacion con Exploradores, todo el.personal muy amable, la chica de la boleteria, los asistentes del Canoero y la chica brasilera nos recibió en el domo ,nos explicó correctamente los senderos, al regresar nos esperó con refrigerio. Muy bien todo.",4,-49.330086,-72.88633
Exploradores Lago Del Desierto,"La verdad el tour no fué muy bueno por parte de la agencia, muy mala atención de la señorita Lucia. Poca predisposición. El chofer muy buena onda en todo el viaje",2,-49.330086,-72.88633
Exploradores Lago Del Desierto,"BUENO LES CONTAMOS LA EXPERIENCIA,SALIMOS A LAS 12 CON la combi. (eramos solo 6 pasajeros) el chofer lo unico que hacia era hablar con una chica colombiana, que parece trabajaba pro la zona. al llegar al puerto nos dijo que nos esperaba 18.20 hs- Al llegar a la embarcación para empezar la travesía faltaban dos señoras de Rosario,por ese motivos partimos 14.30. llegamos para empezar el treking, y nos recibió Juan, que nos dio el detalle de los caminos, y el horario de partida, asi que todos corremos para hacer el paseo de los senderos.Al volver al embarcadero no había nadie para recibirnos, así que los 4 nos dirijamos al glaciar huemul, bajando a las 18.30. Grande es nuestra sorpresa cuando el encargado del lugar donde te vendía las entradas no dijo que hace 10min  se había ido la combi con  solo 2 señoras, faltando los 4 pasajero)...nos desesperamos. la gente de ahi nos queria ayudar, pero sin señal de internet fue todo dificil.... a los 40 minutos .por suerte aparecieron autos y nos hicieron el favor de llevarnos al Chalten",1,-49.330086,-72.88633
Exploradores Lago Del Desierto,"Hemos pasado un hermoso día visitando los glaciares Vespignani y Huemul gracias a todo el equipo de Exploradores del Lago del Desierto.
Recomendamos esta experiencia en la naturaleza que no olvidarán nunca !!!",5,-49.330086,-72.88633
Exploradores Lago Del Desierto,"Hice la excursión Desierto Full con mis padres, que ya son personas mayores y los tres pudimos disfrutar de la excursión! Fuimos en el bus de las 12, asique nos acercamos a la oficina, desde donde salía el transfer. Luego de 1.30h de viaje llegamos al Lago. Desde allí tomamos la embarcación que nos dejo en la reserva del glaciar. Hicimos los senderos y luego nos volvimos a embarcar para ir hasta Punta Norte. Estuvimos una media hora mas o menos y luego regresamos. 
Todos fueron muy amables tanto en el puerto como las chicas de la oficina que tuvieron toda la paciencia para explicarles a mis padres de que iba cada excursión. 
Lo recomiendo muchisimo! Un paseo inolvidable!",5,-49.330086,-72.88633
Exploradores Lago Del Desierto,"He hecho la excursion Disierto Full. Super servicio.
Te conducen en un combi de buena onda a donde puedes compartir mate con el conductor hasta Punta Sur para navegar 15 minutos a donde te explican como las cosas se van a estar orgqanisadas y puedes salir el el fuente del pequeño bote para admirar el Fitz Roy y los glaciares al rededor y esteee aguaaa del lago del disierto. Que preciosa ! La vegetacion es realmente diferente. Despues de 15 minutos, llegas hasta el lugar de los pequenos trekking. Tienes bastante tiempo que para hacer los 3 caminatas o si tomas tu tiempo al los ñiradores, tienies bastante tiempo que al menos hacer 2 caminatas. Te consejo la roja. Hermosa ! Vas a caminar por tu cuenta pero hay guias en el lugar al domo que contestan a todas tus preguntas. Al regreso, tinies algunas gallitas, choco caliente y cafe para compartir con los guias y los otros turistos. Una ambiente familia en serio. 
Pero el mejor para la fin. Despues, fuimos hasta el punto norte del lago. Waw, mo hay palabras para describir la vista que tienes sobre de la cara norte del Fitz Roy. Hay que ir un dia sin nubes pero aparte de eso, incredible. El punto norte te trae tambien no se en una otra mundo. Yo me sienti como en un otro siglo, lo de la discubierta del Fitz. 
Despues por el regreso, el mismo.Por la excursion de la tarde, la suerte es que por el regreso te toca el atardecer poco a poco asobre de los glaciares y montañas. 
Te lo recomando sin dudos.Vale la pena poraue no es El chalten, un otro mundo. 
Sandy, de Belgica",5,-49.330086,-72.88633
Exploradores Lago Del Desierto,"I would strongly suggest to not work with this company. Firstly because its cheaper to do it yourself, secondly because its easy and finally because this company will treat you like garbage. 
We had booked transport to punta sur, the boat to cross the lake and 5 days later a boat to sail to O'Higgins from Mancilla. We planned to do a five day hike in between which was supposed to be the real highlight of our trip. 
The trouble began immediatly when we werent picked up in the morning, the company didnt answer their phone so we had to go to their office to find out they had forgotten us. At first they looked willing to solve our problem. They refunded a part of our money and arranged transport to punta sur. Since a couple of hours had past we would be to late to catch the boat so we would have to walk from south too north. Since we had to arrive at mancilla at the same day they PROMISED us a car would pick us up at 1830 at the border. After more then seven hours walking through the rain we arrived at the border at 1800, we waited for 2 hours but no car came. We had to set up camp on the spot and we were forced to cancel our multiday hike. The next day we walked to Mancilla and took the first boat to O'Higgins(wich we had to pay for ourselves since our ticket was for a few days later). When we arrived at O'Higgins I immediatly emailed the company to explain what had happened and that I wanted a full refund since they hadnt provided any services. Obviously I never received a response. I then proceeded to call them. At first they pretended they didnt know what I was talking about, a phone call later they didnt speak English anymore and the third call they pretended the reception was week. When I finally got contact via whatsapp (they spoke English again) they promised me a full refund and to keep me up to date on the process. That was the last I ever heard of them, they started completely ignoring my texts when I asked for an update after 10(10!!) days.",1,-49.330086,-72.88633
Mirador de las Aguilas,"Short trail, ideal to combine with condor viewpoint and jump splash in the same day for those people who go with just the right days and do not want to miss anything",5,,
Mirador de las Aguilas,"Although the entrance to the park is expensive (AR$45,000 ~ US$36/person), there are 2 good trails to do in about 3 hours.
The Mirador de Los Condores trail, which is shorter but steeper, and the Mirador das Aguilas trail, which is a bit longer but without difficulties, have a good, practically flat stretch. You can do both trails in a row, and the one I liked the most was the Aguilas trail. On the viewpoint you can see the large lake Viedma. The view is very beautiful and worth it.",4,,
Mirador de las Aguilas,"This is the other viewpoints trail when you're going up towards the mirador de los condores hike just outside of town. Decent hike, not very strenous, it is way less crowded than the condores hike. At the viewpoint, you get views of the lake and glacier - we were lucky to see broken fragments of floating glaciers - its a good picnic spot if you wanted to enjoy a serene viewpoint while having sandwiches.",4,,
Mirador de las Aguilas,"Esta caminata es de dificultad baja, hay un tramo en el que el guia avisa de un punto de no retorno, si se encuentran con molestias deben volver, en la cima se ve la ciudad del Chalten y el Fitz Roy.
En total no es mas de 1:30 entre subida y bajada, si quieren llevar un palo de trekking puede servirles, en mi caso me ayudó en una de las subidas, debido a una rodilla lastimada.",5,,
Mirador de las Aguilas,"Lo hicimos en el dia de llegada, despues de Mirador de los condores. Tiene dificultad muy baja, y no lleva mucho tiempo. Llegando tenes hermosa vista del lago Viedma. Volviendo hicimos recorrido por arriba. Espectacular! Las vistas de altura son increíbles! Recomiendo hacer 2 senderos juntos. Tienen vistas distintas a El Chalten, Fitz Roy y lago Viedma. Imperdible recorrido!",5,,
Mirador de las Aguilas,"Iniciamos el ascenso al mirador de Condores, pero antes de bajar, y con reserva de energia comenzamos  esta otra travesia que nos sorprendio al final con esa vista amplia hacia el oeste con la inmensidad del Lago Viedma, disfrutando alli de un buen tiempo para recuperarse y dejarse perder en la mirada.
Hay que hacer los 2 senderos.",5,,
Mirador de las Aguilas,Facil de llegar . Se hace en poco tiempo y Tiene una hermosa vista .   Ideal para  hacer cuando uno llega a la ciudad despues del mediodia . ,4,,
Mirador de las Aguilas,Lo realizamos al otro día de haber nevado. Todo el paisaje era blanco. Se tiene una vista panorámica del lago Viedma. Hermosos paisajes!!,4,,
Mirador de las Aguilas,"Son aprox 2 km de ida, de fácil acceso estando en el pueblo.
Linda vista del Chalten y el Fitz Roy. 
Para tomar unos mates si el tiempo lo permite. ",5,,
Mirador de las Aguilas,"Otro treking para la familia y de fácil acceso sin dificultades.  Solo 2 km x tramo.
Hermosas vista de todo los alrededores del chalten ",4,,
Mirador de las Aguilas,"Lejos la mejor vista del pueblo, caminas un poco más que el mirador del Cóndor pero es mucho más lindo!",5,,
Mirador de las Aguilas,"Caminata liviana que se puede realizar con chicos y hasta con bebés. Si es con bebés, es indispensable llevarlo con mochila portabebé. Vistas hermosas de la ciudad y hermosos paisajes. Pasar por la oficina de información.",5,,
Mirador de las Aguilas,"Apenas saliendo de la ciudad, al lado del Centro de Visitantes de la Administración de Parques Nacionales, inicia el sendero al mirador de los Cóndores y Las Águilas (una bifurcación). Tiene un desnivel suave, por lo que se hace accesible para casi todas las personas. El camino está bien señalizado y no reviste dificultad. Al llegar nos encontramos con una vista es impresionante. Se podrá ver un vasto escenario de estepa patagónica y a lo lejos  una vista panorámica sobre la estepa y el lago Viedma hacia el sur. También se alcanzan a ver los cerros Huemul y Pirámide.",4,,
Mirador de las Aguilas,"A trilha até o Mirador Las Águilas começa na bifurcação sinalizada cerca de dez minutos antes de chegar ao mirante Los Condores. Para acessá-la, basta seguir o sinal indicativo da placa à direita e seguir em frente numa trilha de terra praticamente plana, com uma enorme montanha à direita.

Essa trilha curta tem um declive suave à medida que avança descobre o grande Lago Viedma no horizonte, mas nada complicado ou exigente.

O mirante fica à esquerda e tem uma vista panorâmica incrível para a estepe e o Lago Viedma a sul, o Monte Huemul a oeste e o Monte Pirámide a leste. Um lugar que merece ser aproveitado com muita calma.

Vale lembrar que essa trilha somente deve ser feita se o tempo estiver bom, pois se chover, a trilha ficará bastante perigosa e a visão do topo ficará muito prejudicada.

Detalhes: Distância total percorrida desde o escritório do Parque Nacional na base da montanha (ida e volta): 6 km 
Tempo: aprox. 3 horas no total.
Dificuldade: fácil
Subida Total / Descida: aproximadamente 200 metros",4,,
Parque Municipal Llao Llao,"El sendero de este parque comienza a unos 1,8 km de la parada del colectivo N° 20 en puerto pañuelos caminando sobre la ruta como quien sigue circuito chico. 

Es un sendero de trekking de 2,8 kms a playa tacul (Divino lugar!! y el sendero es hermoso para hacerlo en familia, muy facil de hacer), en el camino de este sendero tienen la difurcacion al ascenso del cerro Llao Llao, no fui pero dicen que la vista es super magica, pero ojo el ascenso es algo exigido. Recomiendo hacer este sendero a Playa Tacul, es hermoso. Dia lluvioso o de viento NO LO HAGAN, es peligroso. En mi caso a la vuelta nos volvimos por la ruta por las dudas que nos lloviera!! 

DISFRUTEN!!! Y HAGAN TODO EN COLE DE LINEA INTERNAN QUE AHORRAN UN MONTON DE DINERO Y LOS LLEVA A TODOS LADOS!! ",5,-41.05206,-71.540215
Parque Municipal Llao Llao,Hay varios lugares para recorrer en esta zona. El sendero y mirador tacul precioso. Villa tacul hermosa playa. Son caminatas en gral simples pero dentro del bosque. Muy lindo. Para varios días. Lago Moreno una playa más difícil para meterse al lago pero que bordeando el lago se tiene una vista hermosa del llao llao. Infinito bariloche.,5,-41.05206,-71.540215
Parque Municipal Llao Llao,"Es un hermoso cerro para hacer trekking. Yo subí desde villa Traful. Es bastante duro para quieren no estamos acostumbrados a este tipo de actividad. Pero no es imposible y vale mucho la pena hacer el esfuerzo. La cima tiene una vista totalmente increíble. 
Camino muy empinado
Duración entre 40min a 1hs",5,-41.05206,-71.540215
Parque Municipal Llao Llao,Un trekking de un kilometro y medio a traves de un bosque con arrayanes y cohiues hasta el lago Moreno,5,-41.05206,-71.540215
Parque Municipal Llao Llao,"La propaganda diría, véala, antes que desaparezca, que es lo que dicen que irá a suceder en pocos años.",4,-41.05206,-71.540215
Parque Municipal Llao Llao,"Hicimos la caminata del sendero de Los Arrayanes. Super recomendable! Un bosquecito de Arrayanes divino! 
Realmente visitar este lugar es algo que recomiendo totalmente. No te lo pierdas, podes llegar en colectivo local desde el centro de la ciudad (pagas con la SUBE)",5,-41.05206,-71.540215
Parque Municipal Llao Llao,"realmente visitar este lugar es algo que recomiendo totalmente. El bosque es fabuloso. No te lo pierdas, podes llegar en colectivo local desde el centro de la ciudad (pagas con la SUBE)",5,-41.05206,-71.540215
Parque Municipal Llao Llao,"Pensando que en estas vacaciones las hago solo, debo tener presente que las cosas que haga me debo sentir a gusto, por lo que este lugar es imperdible, salvo la gente que justo te toca en la caminata, hablan fuerte, música en sus celulares, etc, falta de empatia y respeto a la naturaleza o a los demás que buscamos tranquilidad. Asique si yo lo pasé bien, con amigos o familia mejor, equipo de mate infaltable. Sin costo.  ",5,-41.05206,-71.540215
Parque Municipal Llao Llao,"Hicimos la caminata del sendero de Los Arrayanes. Super recomendable! Un bosquecito de Arrayanes divino! Llegando a la playa, vistas muy lindas al hotel Llao Llao. Si caminas por la costa hacia la derecha, encontramos una parte del lago congelado, lo cual nos sorprendió y nos quedamos jugando un rato ( con niño de 9). Lindisimo para caminar por la costa con vistas geniales.",5,-41.05206,-71.540215
Parque Municipal Llao Llao,"Hermoso, hay varios senderos para hacer y recorrer por este parque, bien señalizados y mantenidos.
Fuimos al mirador del cerro Llao Llao, nos encantó el camino, las vistas y sobre todo el final. A latarde volvimos de comer e hicimos el sendero del bosquecito de arrayanes y lago López, hermoso también aunque había mucha más gente.
Es un lugar excelente para pasear por los bosques y disfrutra del paisaje.",5,-41.05206,-71.540215
Parque Municipal Llao Llao,"We have to keep pollution out of this beautiful place. So far, the efforts are non existent. But we all can get there. You can get here on public transport.",1,-41.05206,-71.540215
Parque Municipal Llao Llao,"Es tan bonito !

Uno de mis lugares favoritos Villa Tacul, se respira mucha paz.
Playa. Viento. Arrayanes y senderos en el bosque.",5,-41.05206,-71.540215
Parque Municipal Llao Llao,"Vale la pena conocerlo. Esta cerca del Puerto Pañuelo. En la entrada hay oficina de información, estacionamiento gratuito y baños públicos. Se puede tomar colectivo 20 en el centro de Bariloche o en cualquier parte de av. Bustillo. Pasa cada media hora. Bajar en el Puerto Pañuelo y seguir por la ruta 1km más o menos. Hay varios senderos de distinta dificultad. Desde oficina sale uno que va a la playa de lago Moreno, pasando un lindo mini bosque de arrayanes. Algunos senderos están conectados entre si, y otros tienen entradas por  la ruta. Más lindo para mi es Cerro Llao Llao, vale la pena subir. Es de dificultad media.Tiene vista increíble! Excelente lugar para relajarse y contemplar este hermoso paisaje. Hay que llevar agua y comida liviana para picnic. Poner zapatillas para tekking y ropa liviana. Los senderos están señalizados, pero hay que prestar atención.
Muy buena opción conectarse con la naturaleza cerca de Bariloche!",5,-41.05206,-71.540215
Parque Municipal Llao Llao,"Fuimos por historia familiar. No lo conocía pero nos envolvió un silencio bellísimo, sólo pájaros se escuchaban. Un paseo no muy conocido pero hermoso. Por favor si van sean cuidadosos, no arrojen cosas y mucho menos fumar.",5,-41.05206,-71.540215
Parque Municipal Llao Llao,"Es un parque municipal que vale la pena conocer. De Puerto Pañuelo, es mas o menos 1 km sobre la ruta a mano izquierda. Luego, dentro del lugar, en el ingreso hay una oficina de información, unos bancos para hacer pic nic y baños. 
Recomiendo hacerlo, ya que hay varios senderos de dificultad baja- media, con muy buenas vistas. 
Hay que tener en cuenta que en el sitio no hay para comer, ni agua por lo que hay que llevarse todo. ",5,-41.05206,-71.540215
Parque Municipal Llao Llao,"Es un recorrido hermoso y sencillo, vas a encontrar un pequeño bosque de arrayanes que vale la pena entrar!!

Luego podes seguir caminando por un paisaje hermoso de cañas hasta llegar a una pequeña playita, y si prestas atención podes encontrar bajadas al lago escondidas que valen la pena!

No esta muy bien señalizado asi que hay que tener cuidado, por ejemplo hay un cartel que te lleva al Lago Escondido y no recomiendo hacerlo desde acá porque el camino vuelve a sacarte a la ruta para llegar allí. Es mejor que vuelvas donde dejaste estacionado el auto y si aun quieres ir al lago escondido, puedes ir en auto y hacer una pequeña caminata por otro sendero.",5,-41.05206,-71.540215
Parque Municipal Llao Llao,"Comimos una rica merienda con una vista increible, imperdible para un día de relax. Lindo para ir en pareja!",5,-41.05206,-71.540215
Parque Municipal Llao Llao,"Un imperdible del circuito chico, hay lugar para estacionar y caminar, el recorrido dura aprox 2 hs entre ida y vuelta, se pueden ver el llao llamo de fondo y se llega hasta el lago encantado, la perlita es un bosquecito de arrayanes en el medio del parque!!!",4,-41.05206,-71.540215
Parque Municipal Llao Llao,"LInda lugar para hacer trekking, recorrer los bosques del Llao y Llao y admirar el paisaje. Recomiendo este circuito para hacer con niños pequeños que no estén acostumbrados a caminar mucho o para personas mayores ya que hay varios niveles de dificultad y bastantes lugares para parar a retomar energías-",5,-41.05206,-71.540215
Parque Municipal Llao Llao,"Llao llao patagonia, argentina is one of the most remarkable places in the western hemisphere. Beautiful beyond description and yet very accessible. I have visited 5 times and still looking forward to my next trip.",5,-41.05206,-71.540215
Bosque de Arrayanes,"It is a scam, if you find an arrayan I congratulate you, nothing to do with the photos that show you to sell the tour, but you want to feel scammed do not go, and if you want to take the desire you can enter x villa the free angostura.",1,,
Bosque de Arrayanes,"It is not at all what you see in the photos, on the catwalk circuit I will have seen 10 arrayans hopefully. They're almost gone. If you do the full trail you see many more and it is more entertaining. It is not worth paying for a boat + admission fee to go to that alone. For that it is better to go bariloche to the path of the arrayanes of the llao llao that is free.
In short, if you do the full trail it is entertaining to walk, it is quite demanding but it is very well marked and without any obstacles. If you go by boat alone to the forest you will be disappointed",3,,
Bosque de Arrayanes,"If you are in Bariloche or Villa la Angostura, you cannot miss the excursion to the Arrayanes Forest.  
It lasts approximately 3 hours, of which 45 minutes are on the ferry. 
The entire landscape is beautiful, the guide's explanations are very interesting and complete, and the energy of the place is unmatched.",5,,
Bosque de Arrayanes,"A must-see excursion in San Carlos de Bariloche, it integrates the tour with Isla Victoria and lasts almost a day while there is light.
       Very nice tour, without major difficulty, it is necessary to hire it with a company because it is a protected area, it departs by catamaran from Puerto Pañuelo and it is a nice refreshment for the senses and to admire a landscape of enormous beauty in Argentina.",5,,
Bosque de Arrayanes,"We visited this site with a Turisur excursion combined with Victoria Island. The catamaran first visited the Arrayanes Forest. The visit consists of walking about 700 meters along a wooden walkway seeing these wonderful trees of different shapes and that characteristic color. We had a fairly cold day with sleet at times, but on this section of the walk it didn't rain and we were able to enjoy it. I must say that 14 years ago I took this same walk and the trees had a more intense, more vivid color. Now they look a little more opaque and lackluster. In any case, it is a highly recommended walk, not only through the forest but also because of the catamaran ride, which is also very nice.",4,,
Bosque de Arrayanes,"Beautiful place, with planks and steps. Option of alternative ramp and 'smooth' area to go with a wheelchair, although WITH HELP since it is not easy, there is mud and significant inclinations, but 'it can be done'. We went with the company CAU CAU which was EXCELLENT.",5,,
Bosque de Arrayanes,"El bosque esta muy deteriorado, muchos ejemplares secos y otro tanto descoloridos, segun nos indicaron (cuando ya estabamos alli) el cambio climatico los esta afectando, por supuesto que esto no es responsabilidad de las personas que hacen los tours, pero te venden unas fotos que no son actuales y terminas pagando un monton de dinero para ver troncos secos, ademas, las pasarelas estan en mal estado y ni que hablar del muelle, tablas podridas, otras sueltas, un desastre. La cabaña del bosque, la promocionan como casa de te, pero resulta que por dentro es una mugre y te encuentras con un expendio de te y cafe en vasos de telgopor, con una o dos tortas espantosas para elegir, un par de sandwich envueltos en film, una heladera con jugos de cajita y latitas, mas parecido a un kiosco de mal gusto.",1,,
Bosque de Arrayanes,Hermoso lugar. Debo decir que lo padecí pero por no tener experiencia en el calculo de distancia jajaj. ingrese a caminar sin nada mas que ver que onda. Me costo 3hs ida y 3hs vuelta terminas arruinado sino estas en buen estado. En alguno casos tienen pendientes de 45° son mortales. pero el paisaje es hermoso. ahhh se puede descansar y seguir hay muchos lugar para tomar buenos mates y seguir la caminata,5,,
Bosque de Arrayanes,"No vale la pena, no es una excursión interesante en ningún sentido. Es carísima y la casita de te está descuidada y no tiene nada para merendar",1,,
Bosque de Arrayanes,"Espantoso. Casi no quedan arrayanes. La pasarela toda rota. Una vergüenza que comercialicen el parque en ese estado. Lleno de gente, todo descuidado",1,,
Bosque de Arrayanes,"Realizamos la visita tras una larga caminata desde el ingreso del parque (aproximadamente 3 horas). El recorrido por las pasarelas es en un circuito circular y permite admirar estos árboles tan particulares. En lo personal,disfrutamos más del trayecto hasta el bosque que de la visita al mismo en sí, tal vez por la gran cantidad de visitantes en ese momento. El acceso a la confitería es complicado, ya que es la única opción para el gran número de visitantes que el bosque recibe. Los baños estaban en condiciones aceptables.",4,,
Bosque de Arrayanes,Desastre en el bosque. Descuidado. Los arrayanes sin color. Nadie que de una explicación. Tristeza. Feo volver y ver el bosque así.,1,,
Bosque de Arrayanes,"Lo unico bueno es el viaje en catamaran pero para eso hay mil opciones aca en villa y en todo el sur.
El bosque de arrayanes ya casi no tiene arrayanes... la pasarela espantosa q hicieron hace 30 años esta toda rota y para caminar el bosque hay montones de senderos mas naturales y lindos. NO la hagan",2,,
Bosque de Arrayanes,"Horrible. El bosque esta muy descuidado, los arrayanes casi inexistentes, tapado por otra vegetacion y casi muertos o descoloridos. La pasarela en mal estado. La playa sucia y descuidada tambien. En años anteriores el paseo era un lugar hermoso pero en la actualidad se encuentra en un estado deplorable.",1,,
Bosque de Arrayanes,"El bosque es lindo y es algo distinto, pero no es Wow, es un bosque.
No la recomiendo como excursión principal, hay mejores cosas que ver antes como los 7 lagos por ejemplo.
El paseo por el bosque dura unos 25/30 minutos.
Al dia de hoy la casa de Te y los baños estaban cerrados
El catamaran que te lleva cuesta $1800/2000  , tenes una hora de ida una hora en el bosque y una hora de regreso.
Recomiendo llevar comida par almorzar.
Solo aceptan efectivo en los puestos de venta
La entrada al parque cuesta $230 si sos Argentino.",4,,
Bosque de Arrayanes,"Faz parte de um passeio conjugado com a Isla Victoria, feito por duas empresas ótimas (turisur e cau-cau). O acesso por barco em um pier de fácil acesso e o passeio é basicamente uma volta por uma trilha de escadarias de madeira, fáceis de andar e subir. Para quem tem dificuldade de locomoção vai ser mais difícil. Cadeiras de rodas não indicaria. As crianças gostam bastante do passeio. Levem água e algo para comer, tanto no barco quanto nos dois locais.",4,,
Bosque de Arrayanes,"Passeio para quem curte natureza. Foi uma das paradas do passeio da Cau Cau. O passeio de barco é a grande atracao. A parada em Isla Victoria e Bosque arrayanes sao os coadjuvantes. É bonito, mas ok. Nada demais.",3,,
Bosque de Arrayanes,"Então... primeiro você faz o circuito chico, e vê as árvores e as cores da estação mais especial - o outono - e, depois, voçê caminha entre essas cores e árvores. Pra mim, fantástico. Vou repetir!",5,,
Bosque de Arrayanes,"Lindo paseo al bosque pero que dejaria como relleno de tener dias de sobra, tanto por el costo al ir en catamaran como por lo que es. Si quieres ver arrayanes en el parque Llao llao encuentras bosques mas chicos en un corto paseo a pie. Otra forma de llegar es a pie o bici desde villa la angostura, son 12km con lindas vistas. Ah si! Tiene una casa de te...",3,,
Bosque de Arrayanes,"Es imposible disfrutar un lugar lindo como este. Lleno de gente, en cada barco bajan 500 personas, y te dan 45 minutos q no te alcanza ni para sacar una foto. Realmente una estafa, se nota que lo explotan y exprimen al maximo. Realmente lamentable que apuren a la gente tanto, mas con toda la gente que hay",1,,
Exploradores Lago Del Desierto,"Hice la excursión Lago del Desierto Full y me pareció increíble. El día estaba despejado así que se podía ver todo, hasta la cara norte del Fitz Roy, cruzamos el lago entero hasta llegar a Punta Norte (donde las personas hacen el cruce a Chile). En el área Vespignani hay tres opciones de trekking para todos los gustos y preferencias, recomiendo hacer la más larga desde donde se tiene una panóramica completa y muy cerca del Glaciar Vespignani, espero volver para ir al mirador del Glaciar Huemul, gracias a la guía Natasha y al marinero Domingo por la buena onda!",5,-49.330086,-72.88633
Exploradores Lago Del Desierto,"Hicimos la excursión Don Glaciares; la verdad que el servicio está buenísimo y el lugar es increíble. Nos tocó un día de lluvia y frío y así y todo fue hermoso, no me imagino con sol!
Los chicos que te atienden son divinos y todo súper puntual.
Verdaderamente lo recomiendo, una experiencia diferente a los trekking del pueblo.
",5,-49.330086,-72.88633
Exploradores Lago Del Desierto,"El viaje hacia punta sur del lago del desierto es increible, la flora y fauna de todo el camino nos dejaron impactados y enamorados de sus bosques.
Cuando llegamos, el staff del barco nos recibio muy atentamente y la navegacion fue fantastica.
En la reserva nos recibieron en un domo muy bien equipado y nos explicaron cada uno de los senderos y sus dificultades.
Desde el sendero rojo van a obtener una vista increible.",5,-49.330086,-72.88633
Exploradores Lago Del Desierto,Hicimos la excursión con la navegación. Los Guías muy buena onda te esperan con chocolate caliente e infusiones con galletitas a la vuelta de la caminata para completar la experiencia. No llegamos a hacer el glaciar del Huemul lo dejaremos para la próxima. Gracias por todo!,5,-49.330086,-72.88633
Exploradores Lago Del Desierto,"Excursión recomendable. Se visita el Glaciar Vespignani, Glaciar Huemul. Tambien se navega por el Lago del Desierto. La atención en la oficina fue excelente. La guia en la reserva muy simpatica, amable y muy atenta.",4,-49.330086,-72.88633
Cerro Campanario,"We loved this place, incredible view of the city, we were impressed. It's not as high as the others in the city but the landscape is too beautiful...",5,-41.172195,-71.344826
Cerro Campanario,"Beautiful, stunning view, every time you go you found something new to see. Wonderful place surrounded by pure nature",5,-41.172195,-71.344826
Cerro Campanario,"Visit on 16/07/2023
We made the visit together with Circuito Chico. They say that Cerro Campanario has one of the best views of our globe. If it's mine I don't know, I still have to travel a lot, but it's actually very beautiful. It is a must-see spot in Bariloche. If it's in winter, get ready for the queues.",5,-41.172195,-71.344826
Cerro Campanario,"Local is a grace, I went in the low season, so it was empty which provided me with plenty of time to take photos and enjoy the landscape.
What an amazing view it provides.",5,-41.172195,-71.344826
Cerro Campanario,"Spectacular views, economical price, well maintained aerosillas. The bathroom is small but clean and had paper and soap for hands. I recommend that you know Cerro Campanario",5,-41.172195,-71.344826
Cerro Campanario,"Great views. Good service I went with older adult 95 years and they helped her with the aeroplane very kindly.

They should be priced for Argentine resident retirees.",4,-41.172195,-71.344826
Cerro Campanario,"BEAUTIFUL, THE LANDSCAPE IS SPECTACULAR! EVERYTHING IS VERY NICE, THE PEOPLE OF BARILOCHE ARE SUPER FRIENDLY, EASY TO GET TO, AND GOOD PRICES",5,-41.172195,-71.344826
Cerro Campanario,"We went up the path, not by aeroplane. We've done it twice. It's a short but steep hike. It's worth it. I think you enjoy it more than the aeroplane. The views are of the best of Bariloche. Because it's not super high but you see everything. I recommend.",5,-41.172195,-71.344826
Cerro Campanario,"Not as high as Cerro Catedral or Otto but by far the best view and a much cheaper option at 15,000 peso compared to 30,000 for each of the other two. Simply stunning views. I also preferred the open chair lift ride rather than a gondola. The photographs they take as you finish your ride are also reasonably priced at 5,000 peso for digital copy of 7,000 for a printed one.",5,-41.172195,-71.344826
Cerro Campanario,"The place is very good, but it is generally all very neglected.  The other thing to emphasize are the prices, all extremely expensive. Too bad.",3,-41.172195,-71.344826
Cerro Campanario,"We arrived by private car. When you make the line to ascend we are in the middle of a tour. The guide was intended to allow 30 contingent personnel to pass through. We were mistreated and there were no staff from the complex to sort out the line.
We arrived by Car and when we stayed in the line we were in the middle of a tour. The girl in charged of the tour tryed to put 30 persons in front of us. Nobody of the complex assisted us. Very bad moment!",1,-41.172195,-71.344826
Cerro Campanario,"An amazing experience, the best view in the universe. 
Argentinian... you feel ""that little."" Unmissable beauty",4,-41.172195,-71.344826
Cerro Campanario,"10/10 scenery at the top is fantastic, and very windy so hang on to your hat. The ride up is short and easy, my partner who is occasionally prone to vertigo was ok. A small boy dropped his hat so make sure all your important stuff is in your backpack- if you drop something it will be a pain to retrieve. 

Try to avoid the times when the large tour buses arrive. Here is what we experienced on a Sunday in January (we drove in a rental car):

9.45am - the entire parking lot was full of tour buses, huge line. We decided to do other things on the circuito chico and come back later. 

2.50pm (1450hrs) - no line, found parking at the end of the lot. Within minutes a large tour bus arrived so we quickly bought our tickets and went up.

3.40pm (1540hrs) - when we came back down we found 8 tour buses in the parking lot and a long line waiting. This must have been the afternoon round of half-day tours. 

Good luck!",5,-41.172195,-71.344826
Cerro Campanario,"Deception with the tourist.
On January 1st we went there because it says on the website “We are open on January 1st”. Me and many families went there and we found everything closed, contradicting the official website.
Descaso with the tourist!",1,-41.172195,-71.344826
Cerro Campanario,"Wanted to share dangerous experience I had today at the chairlift.

It was really a traumatic experience today  riding for 20 min in the open chairlift without a security bar closed. 
Beyond this traumatic and really  dangerous experience, I was shocked by the attitude of the Cierro Campanario staff immediately after that incident, the guide saying ""just forget about it"" and the Bariloche city tourist office that told me just complete complaint form and was very relaxed telling me it never happened before.
I came with a tour group and was sitted in the chairlift cabin. The security bar didn't close and went back up. I yelled to the staff nearby please stop it and close the bar, I'm in totally open cabin but they did nothing and in 1 sec I was high above the ground. It was 20 min of nightmare to go up the mountain, tilting in the air and trying to hold the side bars as strong asap. I was terrified and still have chest pains. 
I'm afraid of heights in general and this experience was really terrible. 
When I arrived to the upper stop the staff jumped to take my pic to sell it to me later and when I yelled and showed that I was all the way without a security bar they laughed.
I told the group guide about it and his response was ""just forget about it"".
This incident destroyed my tour and my whole trip. I still have 3 weeks in Argentina and Chile before coming back home to Israel and I'm just devastated.

It's life threatening situation that should be treated very seriously by the authorities and not allow this reckless operations.",1,-41.172195,-71.344826
Cerro Campanario,"The landscapes are incredible and very well worth taking the cable car!!! The chocolate with cognac is delicious and the onion and cheese empanada as well. And it is possible to take a taxi and not rely on agency, however go with agency and interesting for the explanations during the Chico Circuit. I made this tour with AVC Tourism which gave us a great service. I recommend!!!!!",5,-41.172195,-71.344826
Cerro Campanario,"If you're ever in Bariloche, visiting Cerro Campanario is an absolute must! As soon as I reached the summit, I was greeted with the most awe-inspiring panoramic views I have ever witnessed. The pristine blue waters of the lakes, surrounded by the majestic snow-capped peaks of the Andes, create a picture-perfect scene that simply takes your breath away. 

The entire ride up on the chairlift is serene and peaceful, offering a taste of the spectacular scenery you’re about to experience at the top. Once there, you can see it all—Lago Nahuel Huapi stretching endlessly, the forests, and the rugged mountains in the distance. It’s like stepping into a postcard.

Whether you're an avid photographer or someone just seeking tranquility, Cerro Campanario will not disappoint. Trust me when I say, you’ve got to see it to believe it. I'll be back for sure to experience this slice of paradise again.",5,-41.172195,-71.344826
Cerro Campanario,"It is a tour with a very beautiful view and it is possible to do on your own. 
Take the bus in the city center and get off the door, the rates to get up are the same by agency. I recommend!",4,-41.172195,-71.344826
Cerro Campanario,"Climbing the Cerro Campanario on a clear day is to be able to appreciate all the exuberance of nature. The region of the lakes has this name is not the shade, the Cerro is surrounded by numerous lakes that provide breathtaking views. It's fantastic!",5,-41.172195,-71.344826
Cerro Campanario,"It is worth taking the cable car and seeing a stunning view of the city. I recommend eating meat empanada and a wine, with a beautiful view of the mountains with ice at the peak.",4,-41.172195,-71.344826
Colonia Suiza,"Walk is good if you are in free time or is passing through Circuito Chico. The village is very small and has few options. Mostly craft stalls for tourists. 
Valid for the landscapes of the road.",3,-41.0953,-71.51035
Colonia Suiza,"An absolute waste of time. How anyone rates this over one star is beyond my comprehension. It is a dump, it used to be something different. Don’t go there!!!",1,-41.0953,-71.51035
Colonia Suiza,"Looks like an emergency villa. Swiss has nothing. The dirt streets, due to the humidity of the place there is always mud. There are some positions that are fine, the rest is a total abandonment. Dirty yards, with dirt, stuff thrown away, there was a house that looked like a junkyard. They are going to have to improve a lot overall.",1,-41.0953,-71.51035
Colonia Suiza,"Handicraft barracks. Some restaurants, we definitely chose the worst. Bad food, bad service.
I would not return to this place.",3,-41.0953,-71.51035
Colonia Suiza,"Very abandoned and neglected. Ordinary food. The place off the beaten track in Bariloche. We went in the summer with the family, the grasses were high around the stalls, they were building a sidewalk in the middle of the season, there was little variety in what they offered to eat and the famous curanto is nothing more than an expensive buried stew.",1,-41.0953,-71.51035
Colonia Suiza,"Unfortunately, my visit to Cologne Switzerland was very disappointing. Access from Bariloche is complicated: the group is very infrequent (it happens every 2 or 3 hours), and the combination with other services is also impractical. Taking an Uber is quite expensive, and once you arrive, the condition of the streets is abysmal; the wells are huge and if it rained previously, everything becomes a neighborhood.

The famous curanto did not live up to expectations, and the overall gastronomic offer is limited and similar to that found anywhere else in Bariloche, but with fewer options. There are also very few places to buy regional products or handicrafts, and what you find does not justify the trip.

In addition, I was negatively surprised by the treatment of some local people, which was distant or directly unkind, very different from the warmth we found in the rest of Bariloche. Honestly, I wouldn't come back and wouldn't recommend it.",1,-41.0953,-71.51035
Colonia Suiza,"The place its name responds somewhat more than what is found is a fair, similar to any other bariloche, with prices at a higher",3,-41.0953,-71.51035
Colonia Suiza,"Small, but nothing too much. What was worth it was lunch at the Zurich restaurant. If you have time left, come, but don't put it on the first list.",3,-41.0953,-71.51035
Colonia Suiza,"Nice place, beautiful autumn landscapes. Good gastronomy in Restaurate Zurich. Not much else to do beyond enjoying the surroundings and buying some souvenirs",4,-41.0953,-71.51035
Colonia Suiza,"Beautiful place to visit!
There is a beach where you can kayak and enjoy the lake. Also many food stalls (not very cheap but worth it).
It is economical to arrive because there is a line of collectives, although you have to take into consideration the schedules as it usually fills up, especially on Sundays. Long lines are put together to return to the afternoon.",4,-41.0953,-71.51035
Colonia Suiza,"Very nice place to meet and eat the famous quarante typical food of colony Switzerland, and tour its artisan fairs",5,-41.0953,-71.51035
Colonia Suiza,"It has nothing Swiss, the only thing that could be worth it is the market but outside of that. The food is expensive, the typical dish can be more expensive than dinner in a fine restaurant. The village has nothing emblematic. They charge you dearly for parking! In general it's a scam",2,-41.0953,-71.51035
Colonia Suiza,"It is a craft fair, and with high prices. It was full of people. To park you are charged a full stay in all cases. Don't do it on a Sunday.",2,-41.0953,-71.51035
Colonia Suiza,"I went to accompany my son, who had been hired as a substitute waiter in a restaurant very renowned for curanto. Since I live on the other side of Bariloche, I decided to stay and enjoy the day.
The beautiful and quiet beach.
The problem is the lunch schedule.
It got so crowded that everything was collapsed. Nowhere to sit. 
I urgently needed to go to the bathroom and there were endless queues in the women's bathrooms.
I find it inefficient that the topic bathrooms is not better organized.
It was also appalling to see so many people drinking alcohol without any control.
There were no police personnel.
Awful traffic because it's cut off due to paving.
At the place we chose to eat, there was a singer saying Milei had to go.
Zero touch for a tourist spot.
And the worst part was what my son told me when he left work. 
The dirty place, the rotten food full of flies. No ventilation. Dirty bathrooms. All messy.
We came back stressed out about how bad we had it.",1,-41.0953,-71.51035
Colonia Suiza,"The place doesn't really live up to its name, I expected to see style constructions but there's not much to see. It is not very well maintained and the shops (both food and gift shops) are quite expensive, much hippie with fanned osde that any craft is charged 20 lucas. The only thing that really paid for the trip to the place was the Berlin factory I recommend going to, and the beach that is a few meters away that has the possibility to rent Kayak (The bad thing is that I went in February and the beach was crowded).
The place is within everything accessible as there are groups and Ubers also arrive (although capable we have to wait for them a while).",3,-41.0953,-71.51035
Colonia Suiza,"You spend too much to get there and it’s nothing like they promote it 💔 it’s not worth going, too much dust everywhere, the food is quite expensive.",1,-41.0953,-71.51035
Colonia Suiza,"The Swiss colony, beautiful place, is very nice everything. The bad thing is that they charge you for everything, 15,000 for the car 5 hours or more, there is no place to leave it but pay, the food is rich, it is very expensive, the famous how much expensive and all the meats have the same flavor with vegetables . 
They charge you till the air you breathe, greetings",5,-41.0953,-71.51035
Colonia Suiza,"Because of the name you have, I had another expectation. The place is terrible, the streets are stone and a lot of dust with heavy traffic, are plots with a couple of places to eat and artisans selling on the outskirts. I really didn't expect it.  I DON'T RECOMMEND GOING.",2,-41.0953,-71.51035
Colonia Suiza,"There's no place to park or pay.
Careless, ordinary everything.
The only thing nice is the beach.
Not recommended. 
I ate some ""deer"" burgers still 8 hours later I keep repeating them. 
It's not up to the area, they stayed in the 80's.",1,-41.0953,-71.51035
Colonia Suiza,"Very nice place hurts that they are fixing the streets and are restricted some access, we would also have to order the traffic since they pass many autas very close to the people",4,-41.0953,-71.51035
Cerro Catedral,"In the summer you can take the main cable car and then change to the chair lift to get to the top of the mountain. Ticket cost 30,000 peso and total journey time is 20/25 min ew. There is a cafe and toilets at both levels. 

We did the 1.30 hour return Las Nubes hike at the top. Not too hard going. The view across to the next mountain range is fantastic and there was also still an area of ice.  We also did the 20 min ew mirador walk on the lower level. Quite easy but not as spectacular. Of course you have great views down to the two lakes around Bariloche from both.

I was surprised how barren the mountain is at this height. Paths are very stony so wear good shoes. Also it was warmer up top than at the lake and I wish I'd worn shorts!",5,-41.183327,-71.44998
Cerro Catedral,"Inexplicably, despite being IN SEASON, Co. Cathedral only has enabled the climb to the first stop (which only warns you when you are leaving the entrance, because its website is quite bad and unclear).
Summer IS ALSO SEASON (although perhaps its forte is the snow season).
Those of us who come in summer wait all year to do the trekking (clouds or Frey). However, when you arrive, they warn you that they are on site and you cannot do it. Disrespect to the tourist. One more example of the decline that Bariloche shows year after year (dirt, noise, carelessness, uncontrolled traffic and disorder). Unfortunately, after coming every summer, in my opinion, it is no longer a cute destination.
Co. Cathedral makes its contribution. Sometimes it does not have toilets enabled (despite the climb) and this time the second flight of aeroillas is not enabled. Too bad they don't care so much about the tourist.",2,-41.183327,-71.44998
Cerro Catedral,Beautiful experience still with some snow at the top of the hill. Very attentive staff who collaborated so that we could go up with a person with mobility problems.,5,-41.183327,-71.44998
Cerro Catedral,The place is wonderful. After the ski season but with a lot of snow we climbed to let the children know the snow. We rent suits at the base (approx 20k per person). 120 k up. Worth the 10 min on the funicular and the views above plus the snow to play with. The page that warns media status updates little. 9.30 start to rise and 17 last descent (Amancay).  Free on-site parking and bars and places to eat. Access by asphalt route suitable for any car. It's expensive all day but it's a fabulous experience.,4,-41.183327,-71.44998
Cerro Catedral,"I went on 10/10/2024, made the tour with the agency Vivencias Travel de Bariloche, made transfer from the airport with them tbm and 2 more tours. It's a trust agency.
When I went to Cerro Catedral it was not snowing anymore, but when I climbed up the cerro it was possible to see that there was still plenty of snow up there. The entrance price was 30,000 pesos. I rented the skibunda (to go down the hill in the snow), was 6.000 pesos and need to leave a document in the store (was quiet too). There's a restaurant up there or something, but I didn't come in. I was just in the snow part, and even without the part of skiing being working, it was a great experience! I highly recommend, it is very fun to stay there in the snow. I suggest wearing waterproof clothes, because sure you're gonna play in the snow and get wet hahahahah.
When I went down the road to get the document to return the skibunda, I went to have a snack right in front... the snacks were around 8,800 pesos. There's beer made with snow water too, it's a delight!
The agency I went to as I said is reliable and very good, but at the Cerro Cathedral was basically a transfer, because the Guide doesn't go up there with you, so he only explained a few things in the middle of the way (which was cool too), but if you want to choose to go by car/taxi (and if it's cheaper), I think it's worth it too.",5,-41.183327,-71.44998
Cerro Catedral,"Beautiful place!!!! Lots of snow and landscapes to lose breath!!! This tour I recommend picking up a driver and combine the round trip, as it is close to Av.Bustillo. Go with waterproof clothes because the snow is wet if you sit or play skibunda. Go with suitable boots because it slips. On the other hand, I found it dangerous, because there is no monitor informing the area that people can play and there is a protection net that, in my opinion, does not inspire so much security. In the late afternoon there is a line to get off the cable car but it's fast!!! Worth every weight invested in this tour!!!!!",5,-41.183327,-71.44998
Cerro Catedral,"The view from Cerro Catedral is breathtaking. The climb, made by cable car, starts at 9am and on top there is a restaurant that serves coffee, chocolate and all kinds of drinks, in addition to snacks and lunch.",5,-41.183327,-71.44998
Cerro Catedral,"A must-see destination for those who go to Bariloche, even for those who do not go to ski. 
We went from Uber (by agency was very expensive) and bought the ticket to access the ticket stores (150 reais per person).
The ticket is of the type ""peatones"", which gives you the right to climb the mountain by a specific cable car. Upstairs, there is a special area to play and slide from Eskibunda (take the equipment, has not available there).
I went with my wife and 2 year old daughter and it was unforgettable.
To return, although a little time-consuming, we got an Uber.
We visited in September/2024.
Free Wifi released.",5,-41.183327,-71.44998
Cerro Catedral,"Be careful when buying passes, they sell wrong passes and when you ask to exchange say they don't understand and create various barriers to exchange the pass, save all the proofs and preferably pay in card so they can return.",1,-41.183327,-71.44998
Cerro Catedral,"It's beautiful! Knowing the snow and skiing are unique emotions for those who live where there is only heat. But attention, July is high season, always full, with queues and a lot of movement.",5,-41.183327,-71.44998
Cerro Catedral,"What no one tells you: They close the activities by wind or by other things scheduled without prior notice, we have lost all day waiting for pedestrian activities to open but once they close so conditions improve they do not reopen them, they tell you to rent snow clothes in the center because it is cheaper but you can not use them once you reach the mountain because only Skiing is enabled having to rent the equipment, class and pass, ie pay almost 400 dollars per person. Other activities such as Ski Bikes are reserved for school leavers and do not let them use them either... There are no additional activities for the pedestrian.",1,-41.183327,-71.44998
Cerro Catedral,"Cerro Catedral is a dream for any skiing enthusiast! The stunning mountain views alone make it worth the visit, but add the thrill of skiing down the snowy slopes, and it becomes an unforgettable experience. The facilities are well-maintained, and the runs cater to every skill level, making it perfect whether you’re a beginner or an expert.

The atmosphere on the mountain is lively yet relaxed, with plenty of spots to take a break, warm up, and enjoy a meal or hot drink. The views at the top are absolutely breathtaking—snow-capped peaks as far as the eye can see. 

If you're in Bariloche and love skiing or just want to enjoy some of the best panoramic views, Cerro Catedral is the place to be!",5,-41.183327,-71.44998
Cerro Catedral,"Incredible place, even if you don't ski, the place deserves 1 whole day dedicated to it. 
Go upstairs , take a snack and spend the day admired by the view of the place , play with bizarre , enjoy the wonderful view upstairs . 
We went in September 2024 and for those who are pedestrians it costs 30,000 pesos per person to climb up to the lynch shelter top are 1930 meters above sea level). Obs .. look up on a sunny day, the sight is stunning. 
Many people take snack pq the restaurant up there is very expensive, a long neck crown beer - 8,000 pesos. In the part below the hill you have a mega complex with several shops to rent ski equipment , restaurants, chocolates, kids space , fast food . But tb everything very expensive ..who rent a car, has a free parking, a little far away, but worth the cost X benefit.",5,-41.183327,-71.44998
Cerro Catedral,"We arrived at 11:50 as we had already bought the ticket, we would already have access there the value was R$30,000.00 and should pick up in the box. If we had arrived after 13h we would not have been able to climb the top of the mountain, because we were the last to climb it was already 12h10, because we went to pick up the ski butt, but I am surprised, can not climb with them to who will do the mountain as a pedestrian and no one informed, we paid and had to return, arriving up there with 15 min started a very strong wind and we were invited to go down. There is a restaurant on top, but it is very expensive, but the one on the bottom leaves nothing to be desired, “El Chucaro” we 4 dishes and 4 drinks gave almost seven hundred reais and the restaurant crowded all the time.",5,-41.183327,-71.44998
Cerro Catedral,"We climbed the Cerro Cathedral one morning with quite closed weather, fine snowflakes fell and the cold was intense, even with suitable clothes, fingers and hands were freezing. But going to Bariloche and not climbing the Cerro Cathedral is not appreciating the best. The climb and descent was quiet, through the cable car. To warm the body, a hot chocolate was a good request. Up there, breathtaking landscapes.",5,-41.183327,-71.44998
Cerro Catedral,"Even if you don’t go skiing, it’s worth taking a cable car, enjoying the lush mountain landscape, playing in the snow and still drinking wine at the restaurant upstairs. Remember that they close at 16:00, but the kitchen service goes until 15:30. Down, there are several bars with diverse food in the lower part of the Cerro. I recommend!",5,-41.183327,-71.44998
Cerro Catedral,"Very nice tour associated with cerro campanario, there are many options for fun the place is pretty gives to take good photos
Lunch is well packed, I forgot the name of the restaurant I think it was Refugio something
Good food",5,-41.183327,-71.44998
Cerro Catedral,"Very nice and nice place, as long as the weather helps. Rise price is good. Local offers ski, skibunda and snowboard among other activities. Go with your own snow clothes.",5,-41.183327,-71.44998
Cerro Catedral,"We went as pedestrian (Pateon) and had a lot of fun! We went there with remys rented by the hotel (taken about 40 minutes). At the base there are plenty of restaurant options. Take the cable car and we stayed in the pedestrian area, we had contact with snow and skibunda play (should be purchased at the base), after being close to the center there is quite a lot of people there, but the pedestrian area is large. It is worth visiting, with a free time without that pace of excursion.",4,-41.183327,-71.44998
Cerro Catedral,"Coming from Uk to ski for the first time in Argentina i found the resort and skiing highly comparable with skiing in europe Well pisted runs with a choice of many runs. It is obvious that they have invested in new infrastructure but its a pity there are no canopies as needed when it is cold , nevertheless the ski area is reasonably to keep one occupied.Resort is small with a number of  good bars and  restaurants.Minor.points signage on mountain needs to improve especially when there is low visibility.The price of the lift price is relatively high and  there is no reduction for multi day stays. On the whole its well worth making the long journey and a lot better than skiing in Chile. Cerro Cathedral is meant to be the largest ski resort in South America  and I understand why. It doesnt disappoint Staying in Cerro  Cathedral is a must to avoid trip up daily from Barioche . Wonderful  views over the surrounding area",4,-41.183327,-71.44998
Circuito Chico,"Nice Circuit, very friendly guide Micaela and is a good opportunity to look from the heights the natural environment.
Careful not to book from the place where you live but to do it right there, because they canceled the tour the day before and that I had hired him in Santiago by Travel platform......",4,-41.07356,-71.53466
Circuito Chico,"A view of the lake, a perfect viewpoint to delight the view and take beautiful pictures. You have to drive. Good walk.",4,-41.07356,-71.53466
Circuito Chico,"The Chico Circuit is the most emblematic scenic route in Patagonia, a journey of about 60 km bordering lakes and mountains. On this walk you will visit Cerro Campanario to enjoy one of the best views in the world, the historic Hotel Llao Llao, the picturesque Chapel San Eduardo, the must-see Panoramic Point and finish in Cologne Switzerland. It is almost obligatory to do so because it allows to capture the true essence of Bariloche in just half a day (or full day if you stop for lunch and snack), combining unspoilt nature, Alpine architecture and dreamy viewpoints. You can’t leave the city without walking its curves and stopping at every corner to take the classic Argentine postcard.",5,-41.07356,-71.53466
Circuito Chico,"It is a beautiful walk, with nice trails and viewpoints!!! It's very nice, near Bariloche.",5,-41.07356,-71.53466
Circuito Chico,"It is the panoramic walk that takes you to the main points of the city, with fascinating views of Cerro Campanario, with its panoramic viewpoint, Hotel Llao Llao and its surroundings, and Villa Tacul, on Lake Nahuel Huapi. Also of interest are the Chapel San Eduardo, the Panoramic Point, the Arroyo Angostura and the Patagonia Brewery.",5,-41.07356,-71.53466
Circuito Chico,"We come back from this ride that would have been nice if like others had not opened the trunk of the car and steal the backpack with our binoculars, k way, guides etc...",1,-41.07356,-71.53466
Circuito Chico,"This circuit is a pretty route, we did with an agency but later realized that I could do it on my own, either by car rental or on foot (bus ride to the hotel lao llao). Anyway, I think it's worth it",4,-41.07356,-71.53466
Circuito Chico,"In Bariloche, we took a tour full of charm. Lugares maravilhosos.  It seemed to come out of movies of so beautiful the places visited",5,-41.07356,-71.53466
Circuito Chico,Unforgettable tour in Bariloche. Take time to make many stops along the way. Spectacular landscapes. Each stop is a postcard photo.,5,-41.07356,-71.53466
Circuito Chico,"We went on a cold and rainy day. The experience could have been much better, in the cable car the cold made us remember how we can underestimate the temperatures...",4,-41.07356,-71.53466
Circuito Chico,"It is worth doing but not in a group , as everything is very fast , try to rent a car expensive but good to know that in Bariloche car rental is expensive for Brazilians and most of the time you do not rent a car for less than 3 days .",3,-41.07356,-71.53466
Circuito Chico,"Incredible view, I recommend going, if it is by better car, if there are not many agencies that take you ($22000 transfer with agency July 2025). At any time it is beautiful, but we went into the evening and there were very few people, which is good.",5,-41.07356,-71.53466
Circuito Chico,"Tour with plenty of space to take pictures. The landscape is very beautiful . We went by rental car and it was quite quiet, we took a lot of beautiful photos.",3,-41.07356,-71.53466
Circuito Chico,"Worst place to go if you're a tourist. First between Pto Pañuelo and Bahia Lopez area liberated by the police. They steal, open cars, use inhibitors, break windows. They work in pairs, couples pretending to be tourists. Circuit boy is to do without getting out of the car. It is not advisable to make trails and leave belongings of any kind in the car. If you leave the rented car, you get a glass smash and it's even more expensive. There are a thousand places to walk that are not in Bariloche and are better.",1,-41.07356,-71.53466
Circuito Chico,"We perform the chico circuit using Remises from Remises One. We went with the driver Damian, very good people. The tour is fantastic, stops in very beautiful places. There is a visit to Cerro Campanario. We associate the Chico circuit with the visit and lunch at the brewery Patagonia.",5,-41.07356,-71.53466
Circuito Chico,"A must-see for those who go to Bariloche. We made the circuit on our own, with a rental car, and made several stops during the route. One of the most impressive stops was at Puente Arroyo La Angostura, which has a green and crystal clear water, amazing.
During the journey, we stopped for lunch at the restaurant Punto Panoramico, which we loved.
On the way back, we also went to Cerro Campanario, which was very worth it.",5,-41.07356,-71.53466
Circuito Chico,I have taken this trip 5 times!! It's a short half-day walk!! But that is very worth it because the landscapes are beautiful! If you make your own car senprograme for lunch at the brewery Patagonia of km 24.7 that is on the way! Don't forget to reserve the restaurant. The resident of Cerro Campanario is very beautiful!,5,-41.07356,-71.53466
Circuito Chico,"This tour is amazing, a more beautiful view than the other, I've been to Bariloche 4x and in all of them I did it haha 
It passes through Cerro Campanario, which has a view of another world. I'll tell everyone.",5,-41.07356,-71.53466
Circuito Chico,"The small circuit is a beautiful route to do by car or walking. The landscapes are amazing. 
It is NOT for cycling. DO NOT fall for the SCAM of those who rent bicycles on a daily basis, in bad shape, not suitable for that land. It is a circuit with curves and contracurves and steep slopes. Where there's no banquet and lots of cars drive. It's really a death trap.",4,-41.07356,-71.53466
Circuito Chico,"We toured our own vehicle Circuit Chico and Cologne Switzerland.
Every Lookout is amazing, you must stop and take your video or photograph.
Next to the Arroyo there is a recommended parador its products such as Cubanite dipped in chocolate.
It is beautiful Lopez Bay, tremendous view.
The route is spotless from the whole circuit.
We arrived in Cologne Switzerland took time to find a place to park for the number of cars.
The Playita of Cologne Switzerland next to the Campsite, is Beautiful, Incredible View.
Then we went to lunch at the Patio Brewery, you find variety of options.
All walk 100% Recommended.",5,-41.07356,-71.53466
Parque Municipal Llao Llao,"El lugar cuenta con varios lugares donde estacionar el auto y recorrer luego a pie alguno de sus senderos que no presentan excesiva dificultad. También durante el circuito iremos encontrando diversos miradores, alguno a pie de carretera.",4,-41.05206,-71.540215
Parque Municipal Llao Llao,"Me refiero a la que se tiene desde la cumbre del cerrito llao llao.
Anteriormente estuve recorriendo los otros senderos del parque municipal y me faltaba hacer este sendero al cerro llao llao.
El sendero es algo largo y relativamente fácil,solo al final y algunos tramos por la erosión es algo mas dificultoso ya que presenta tierra suelta,raíces y sanjones.
No esta señalizado asi que hay que prestar atencion de seguir por el sendero principal.La vista es muy linda,no es a los 360 grados pero se aprecia hacia una zona ,al norte del lago todo el paisaje con amplitud.
Realizarlo insume unas 3-4 horas entre ida y vuelta desde el inicio del sendero en  la ruta del circuito chico a unos 500 metros después del centro de informes.",3,-41.05206,-71.540215
Parque Municipal Llao Llao,"Natureza exuberante, ótimo para fazer caminhadas, relaxar e contemplar a belíssima natureza Patagônica.",4,-41.05206,-71.540215
Parque Municipal Llao Llao,"Dentro del Parque LLao LLao hay una zona del que salen senderos,  específicamente el lugar es un estacionamiento que esta identificado en el mapa que brinda la Sec. De Turismo.
Hay un sendero corto y sin mucha dificultad, de unos 40 minutos em el que se pueden ver arrayanes. Están señalizados y cuidados.
Una buena opción de caminata gratuita.",4,-41.05206,-71.540215
Parque Municipal Llao Llao,"Bonito paseo, por lo menos la primera parte, con el minibosque de arrayanes. Pero el sendeno no tiene señalización interna, nunca sabés dónde estás ni cuánto falta para llegar a quien sabe dónde. Eso es común en todos los circuitos de Bariloche. Si por mí fuera ya habría despedido por inútil al responsable de turismo de la provincia.",3,-41.05206,-71.540215
Parque Municipal Llao Llao,"Parte do circuito Chico. O que eu mais amei foi a trilha (sendero) ao cerro LLAO LLAO. Do topo, uma das vistas mais lindas que já tive o privilégio de ver. Depois do topo, descemos e fomos à praia na villa Tacul. ",5,-41.05206,-71.540215
Parque Municipal Llao Llao,"Este verano 2020 volví a hacer el ascenso al Cerro LLAO LLAO. Es un sendero de baja dificultad y se llega a una cima rocosa que tiene una de las mejores vistas!
Si vas en auto, lo podés dejar en el estacionamiento del parque municipal. Aprovechàs el baño público que està medianamente en condiciones. Pedís un plano en la oficina de información, si tenés la suerte de que esté abierta. Tiene a la vista los horarios de atenciòn pero no se respetan. 
Si estàs a pie como yo. Tomàs el colectivo 20 de la empresa Mi bus. Y te bajàs en la penúltima parada, Puerto Pañuelo.Seguís por la calle unos 300metros y te encontràs con la entrada al Parque Municipal. No entràs. Seguís y a mano derecha aparece la indicaciòn del sendero hacia el Cerro Llao Llao y Villa Tacul.
El sendero es sombreado.Muy agradable de transitar. Sólo en los últimos tramos se vuelve empinado. Importante ir con calzado cómodo, una provisión de agua y una vianda ligera.
Nada màs lindo que comer una fruta o un sandwich contemplando semejante paisaje.
Es una de las màs lindas caminatas de medio día cercanas a la ciudad de Bariloche.",4,-41.05206,-71.540215
Parque Municipal Llao Llao,"It is worth walking to the top of Llao Llao, the views are quite stunning. Moderate walk, easy to follow and accessible by bus.",5,-41.05206,-71.540215
Parque Municipal Llao Llao,Tiene estacionamiento gratuito y desde allí se pueden realizar algunas caminatas no muy largas. Hay un bosquesito de arrayanes y se puede llegar a la costa del lago y recorrerla bastante. Nos gusto. Baños en mal estado y sucios. No había personal para información como indicaban los carteles.,4,-41.05206,-71.540215
Parque Municipal Llao Llao,Las vistas son realmente increíbles. El Hotel Llao-llao es hermoso y está ubicado en una colina con una vista inmejorable.,5,-41.05206,-71.540215
Cerro Campanario,"You just don't want to go any further away! The view catches you, it is fascinating, splendid, it is not possible so much beauty!
Of course, the day has to be beautiful, no clouds, it's unforgettable!",5,-41.172195,-71.344826
Cerro Campanario,Great place to enjoy the lake and the mountains of Bariloche. Entrance paid with sale on site and with good price. You can go with agency and/or own car or rental.,5,-41.172195,-71.344826
Cerro Campanario,"Really the viewpoints are fantastic, we arrived missing 5min to the closing and the staff did not fail to measure efforts to climb.",5,-41.172195,-71.344826
Cerro Campanario,"The site has good infrastructure, the staff are kind and the landscape is stunning.
In addition to the panoramic view that has a sensational view, the other viewers also bring us beautiful landscapes.",5,-41.172195,-71.344826
Cerro Campanario,"Actually, we didn't plan to go here, but our Guide who took us to the Chico Circuit told us it was one of the stops. The line for the cable car is a little long and slow, but the view from the top is ALL WORTH IT. The cable car guys are friendly and already up there you have a 360 view of all the nature in Bariloche, it really is beautiful. The restaurant did not eat anything, but it looks cozy and apart has a lovely kitten there asleep :3 Grab your belongings very well on the cable car climb. I dropped one of my gloves and obviously there was no way to recover it anymore:c Of the most beautiful and stunning views I saw in Bariloche definitely.",5,-41.172195,-71.344826
Cerro Campanario,"The panoramic view of the bell tower was considered by National Geoghapic as one of the 5 most beautiful in the world.

When I arrived at the place I noticed that it actually makes jus the fame.

The climb is by cable car, oq by itself is already a great experience.

On top there is a confectionery with great chocolate, coffee, sweets, souvenirs and souvenirs.

Very worth it, wonderful place.

Impermissible for those in Bariloche.",5,-41.172195,-71.344826
Cerro Campanario,"It is one of the most beautiful views of Bariloche. It's a compulsory stop at the Chico Circuit. You can also get there easily by car, taxi, remis or Uber. It's worth seeing.",5,-41.172195,-71.344826
Cerro Campanario,"Must see in Bariloche . The cost of the chairlift to be able to climb the mountain is $ 12,000 adults and less $ 7000, as in every bariliche you have to arrive early, we arrived at 8 45 in the morning and there were more than 50 people trained to buy ticket and start climbing. Only two or one person can climb in the chairlift. Above are views that there is no way to describe until you can see it. There are several points where you can take pictures of different mountains and lakes around Bariloche. There are several photographers who can get you better photographs that are worth $6000 pesos either digital or printed. We had a sunny morning so they were perfect photographs.",5,-41.172195,-71.344826
Cerro Campanario,"The view is beautiful, whether from the Andes mountains or the lakes. I went in the late afternoon it was very cold. Then go straight.",5,-41.172195,-71.344826
Cerro Campanario,"We go up the trail in semi snowy winter and it can get complicated, because the roads freeze and are very steep, however it is completely worth seeing the beautiful views offered by the top of the hill and having a coffee in the confectionery that is at the top of the place.",5,-41.172195,-71.344826
Colonia Suiza,"It was a beautiful place....but I don't know what happened to it, after 3 years of not going I found a decayed place, old, dirty, abandoned many closed businesses, and signs of not parking aggressive, all without an order and to finish they were making the main street!!!! Yesiii in January! Something inexplicable, chaos to walk and to park, I do not recommend it.",2,-41.0953,-71.51035
Colonia Suiza,"I went by line collective from Bariloche expecting to find some typical European village architecture and found none of that. It's all prepared for the ""buy I bought, buy."" I mean local handicrafts and food on the way. 'Cause the day I went, there wasn't even a lot of it. 
I discovered, by chance, that there is a public beach above the lake. And I say ""by chance"" because the entrance sign is not very visible",2,-41.0953,-71.51035
Colonia Suiza,"I don't recommend it, there's no parking a chaos downtown, the main street covered with dirt because they're putting cobblestone. We really lost the day I thought I found something related to the colony and there were the same crafts you find everywhere.  I hope they can improve it, today it is not in condition",1,-41.0953,-71.51035
Colonia Suiza,"The very picturesque place, ideal to take some photos and enjoy some mattes and nothing else. These are only handicraft fairs and food courts between nature and very well set, but with excessive prices, there is also no good cell phone signal and no wifi so there is no other than the cash payment. I arrived early and I could enjoy the quiet of the morning, then it was crowded, they cut off the traffic on the main street that they are asphalting and in the entrance street generated a bottleneck as it is a very small street. I went by public transport taking the 20 from the center of Bariloche to the roundabout of km 18 and then the collective 13. Collective 10 from the center goes straight but passes every two hours.   In the afternoon due to excessive traffic the groups divert without warning, we were a group of people waiting and the groups did not come in the schedule that they should pass until we were informed that they should divert so we shared a taxi to km 18 of Bustillo to take the 20. Another option is to travel by hand to the roundabout. It was Wednesday and they were curious but most of them are for sharing (I was alone), there was only one place I had individual but I thought too 30000 pesos for what it is. The best thing to visit on the spot the beach on Lake Perito Moreno, there is a descent meters from the entrance to the main street in front of the chapel.",3,-41.0953,-71.51035
Colonia Suiza,"A pity the disorganization... the lack of information and the mistreatment of some of the members of ""teansito"".
They're tarmac and they won't warn you...
The village is very small (and beautiful) so NO PLACES for parking. And the ones there are ""private"" (I don't know if the sidewalks can be) and expensive. 
No one tells you that there is a huge and highly recommended Craft Fair...",3,-41.0953,-71.51035
Colonia Suiza,"Not recommended, little investment, ! Land streets with a couple of locals ...transit and park chaos ...expensive for what is the place ...",1,-41.0953,-71.51035
Colonia Suiza,"Massy and expensive. Food with exorbitant prices (example burgers in food truck at $18000, equivalent to 18 euros).",2,-41.0953,-71.51035
Colonia Suiza,"There is a place, a supposed park, that has the ""Fountain of Youth"", ""Enchanted Lagoon"" and ""Fountain of Wishes"" where you have to pay a ticket supposedly at will but still the owner, Mario, puts a price on which he always earns the same amount of money. First we got there being four and he said it was 20,000 per person usually, then a couple came and told them it's usually given 50,000 per person. The place is neglected, they are two dirty lagoons where the trout hopefully survive and not worth it at all. It's not worth paying a weight.",3,-41.0953,-71.51035
Colonia Suiza,"Wide variety of places in which to buy crafts and souvenirs, variety of craft beers. Try a very good lamb sandwich!!!",4,-41.0953,-71.51035
Colonia Suiza,"Cologne Switzerland is very nice. It is easy to reach from Bariloche in 30 minutes. I recommend staying between 11 and 11:30, approaching the box and paying for the tray of curanto for two people ($25,000, includes different cuts of meat and several vegetables). In the main food court, which is outdoors, there are as many food options as pizza, tacos and empanadas. In the case of curanto, it is usually served between 13:45 and 14:00. At all times there are artists playing and/or singing folklore and tango on a stage. Peña wave, very nice. While you wait for lunch, you can tour the craft stalls that are several. For children there are games. There are also some restaurants. Only visit on Wednesdays or Sundays. I think it's Saturdays too. Don't go another day because there's no movement and you don't enjoy it.",5,-41.0953,-71.51035
Bosque de Arrayanes,"Hermoso sendero por donde podes recorrer una pequeña parte del bosque. Lleno de arrayanes, para mi la especie más linda de villa la angostura, y lleno de muchísimas otras especies. Hay un camino para ir y volver desde el puerto de villa la angostura hasta este sendero que toma unas 3 a 4 horas por tramo. Unas 6 a 8 horas ida y vuelta . Sino se puede ir y volver en barco. El trayecto en el barco es súper hermoso. Se ve todo angostura por el agua. Al final de este sendero hay una casa de té que sirven unas tortas riquísima y súper abundantes, además de un rico chocolate o café. Lamentablemente esta parte del bosque está enferma, los arrayanes están enfermos y no se sabe porque aún. Es un punto obligado de la villa. Lo súper recomiendo. ",5,,
Bosque de Arrayanes,"Para quem quer passar um dia surpreendente pela beleza na natureza, este é o lugar. Vale a pena gastar uma tarde para este lugar mágico.",5,,
Bosque de Arrayanes,"Es una excursión para estar en contacto con la naturaleza. El bosque de arrayanes está en la península de quetrihue a unos 40 min de navegación desde la isla Victoria por eso es una excursión que suele hacerse junta.
También puede accederse desde Villa la Angostura.
No hay mucho para hacer, es simplemente un sendero de 800 m dentro del parque Nahuel Huapi que te muestra un bosque repleto de este árbol tan característico, es una zona de preservación por eso hay que transitarla prudentemente. Hay baños disponibles y una cafetería donde se puede comprar chocolate caliente.
Cuenta la leyenda que este bosque inspiró a Walt Disney en la realización de la película Bamby.
Recomendaciones: los tramos de barco son largos, 2 de más de 1 hs y otro de 40 min. Se puede llevar mate y vianda y aprovechar para comer y tomar algo porque comprar es bastante caro.
Se puede recargar agua para el mate en el puerto y en barco.
Realmente es encantador pero todo el atractivo esta en la naturaleza
Extras: entrada al parque: $140 y tasa de embarque $63",5,,
Bosque de Arrayanes,"La verdad es que si vas a La Angostura o Bariloche esta excursión la tenes que hacer. El lugar es de ensueño. Si te da la nafta, te recomiendo hacerlo en bicleta desde La Angostura, y si se te acaba la nafta volves en el barco.",5,,
Bosque de Arrayanes,"Fuimos un día de llovizna con catamarán Patagonia,(podes pagar con mercadopago) pudimos almorzar dentro ya que tiene mesitas,las chicas excelentes,super atentas y dispuestas. El viaje de 45 min fue estupendo,mis hijos se prendieron a darle de comer restos de pancitos a las gaviotas. Al llegar la caminata por el bosque fue aún más hermoso,los arboles super verdes y adornados con las gotas de lluvia,el paseo fue muy lindo aún con el mal tiempo ya que debajo de los árboles no te mojas. la casita de te preciosa y el chocolate caliente riquísimo. El chico que nos atendió super amable.",5,,
Bosque de Arrayanes,Fuimos al bosque de arrayanes con la ilusión de encontrar un lugar típico de Te y nos encontramos en l famosa casita de bambi un Maxi quiosco de cuarta IMPRESENTABLE sirven el chocolate de una máquina en un vaso descartable que triste ,1,,
Bosque de Arrayanes,"É uma parte do passeio que vai para Isla Victoria. É um bosque realmente bem diferente pelos famosos Arrayanes e sua cor de canela. Ao contrário do que dizem, Walt Disney não se inspirou nele pra fazer o Bambi e nem esse personagem é um huemul típico da Patagônia. É um passeio simples, eu diria.",3,,
Bosque de Arrayanes,Lugar imponente... Transmite mucha paz... Un lugar lindo para disfrutar en familia... Vistas hermosas.. Muy recomendable,5,,
Bosque de Arrayanes,"Podes llegar a traves de una caminata de 12km por el bosque, o en excursion con catamaran, es un lugar hermoso y armonioso para disfrutar y recorrer tranquilos.",5,,
Bosque de Arrayanes,"Se puede llegar a pie o en barco contratando las excursiones en los locales que están antes de llegar a los muelles. Está la opción de ir y volver en barco, ir caminando hasta el bosque y volver en barco o al revés: ir en barco y volver caminando.
Yo me incline por ir por agua y volver por tierra pero creo que lo mejor es a la inversa. Son 12 km de caminata por entre la paz y vegetación del bosque, increíbles. Además de que es uno de los senderos de los que conforman ""Huella andina"". Una vez entre los arrayanes uno no puede creer lo lindos que son y lo frio que están. Cerquita del muelle del bosque hay una cafetería ideal para contrarrestar el frio de afuera si uno va en invierno.",5,,
Bosque de Arrayanes,"Hermoso lugar, especial para sacar fotos. Muy linda experiencia en el Modesta Victoria. No se lo pierdan.",4,,
Bosque de Arrayanes,"es la 3ra vez que voy y cada vez me resulta mas magica, siempre se descubren nuevas cosas, colores y vistas, unicos en el mundo es una experiencia para repetir mil veces.
Pequeño dato.... el viaje en barco desde bariloche sale $1100 y desde la angostura la mitad. si pueden,, salir de alla es mas barato, e incluso se puede elegir ir caminando x un sendero de 12 Km solo abonando el ingreso al parque (250 extranjeros, 125 argentinos, y 50 pesos residentes de nqn o rio negro)",5,,
Bosque de Arrayanes,"El Paseo entre arrayanes por la península Quetrihué Es una experiencia única. Impecable pasarelas y el famoso café de Bambi. 
Altamente recomendable caminarla y disfrutar de sus colores y sus sonidos. Hermosa la laguna Patagua",5,,
Bosque de Arrayanes,"El camino para llegar al bosque de Arrayanes son 12 km aproximadamente. Mucha gente va caminando, otros en barco que cuesta entre 400/650$ por persona (éste tarda 1 hora para ir, otra para volver, y otra para permanecer en el bosque). Nosotros fuimos en bici, es un trayecto con pendientes pronunciadas entonces tuvimos que bajar de la bici muchas veces, tardamos 1.30/2 hs en ir y otras tantas en volver. Al llegar al bosque, hay pasarelas para recorrerlo y un muelle con una vista increíble. ",4,,
Bosque de Arrayanes,"Fuimos desde Villa la Angostura ..ya que se aprovecha la visita a la cuidad ..y después se hace la isla con un costo la mitad más económico que saliendo desde Bariloche ..
El paseo es relativamente corto pero vale la pena los arrayanes son los protagonistas además de los ciprés y demás 
Se abona la entrada a parques nacionales y el pasaje del catamarán hasta la isla ...
Lo que recomiendo es llevar su bebidas ..aguas ,gaseosas para hidratarse..ya que en la isla hay un solo bar (cabaña)  los precios son excesivos ... ",3,,
Bosque de Arrayanes,En si el bosque es interesante y lindo si te interesan los árboles. Pero no es nada demasiado llamativo. Lo que recomiendo es el sendero que va desde puerto Angostura hasta el bosque. Son 12 km que se vuelven muy divertidos si se realizan en mountain bikes. Esta bien señalizado pero hay que tener cuidado con los peatones que comparten sendero.,3,,
Bosque de Arrayanes,"Excelente para hacer en bicicleta. Es largo, 12km de ida y de vuelta, es el mismo sendero. En muchos lugares tenes que bajarte y llevar la bici en el piso, aproximadamente en total son 3/4km con bici en la mano y el resto pedaleando, o casi sin pedalear por que hay muchas bajadas y subidas que subis con el envión. Muy seguro el camino. Hacerlo en bici es excelente, muy largo para hacerlo caminando, aprovecharía para hacer otros trekings caminando. Bici en el medio del bosque, con muy lindas vistas. El cansancio vale la pena! 4/5hs en total entre ida y vuelta y recorrido por el bosque (que esta al final de la isla).",4,,
Bosque de Arrayanes,"Visita obligada para toda aquella persona que esté en villa la Angostura, le guste la actividad al aire libre y las vistas espectaculares
También recomiendo muchísimo hacer el trayecto con bicicleta, ir con comida (en el bosque está carísimo) y mucha agua. Si llegan muy cansados tienen la chance de volver en barco",5,,
Bosque de Arrayanes,"Una caminata larga pero llena de naturaleza y flora. Se ven pocos Arrayanes de pie, la verdad es que actualmente están muchos caídos pero es una gran opción. Se puede hacer en bicicleta o caminando. Muy importante llevar mucho líquido, dado que solo se puede comprar una vez finalizado el recorrido en una casa de té a un precio elevado",4,,
Bosque de Arrayanes,Muy pintoresco lugar. Hermoso el circuito por la pasarela. Imposible perderse. Lástima que nos llevaron a las corridas y el fotógrafo muy pesado para sacarte una imagen en la casita (carísima La foto!!!!).,5,,
Cerro Tronador,It's worth the visit as the cable car is working and maintained in good condition and at an acceptable price for the fun.,4,-41.165318,-71.88186
Cerro Tronador,"Excellent! He
Best destination in Bariloche for trekking or climbing. Full of unbeatable landscapes and beautiful places to sleep.",5,-41.165318,-71.88186
Cerro Tronador,"If they survive the provincial route (Vialidad de Río Negro) that is completely destroyed in its 40km to Pampa Linda, and even respecting the passing schedules that some brainless people do not comply with and no one is there to do a check, they will reach a Amazing place. The attention at the CAB campsite is bad. Not so in shelters, where attention stands out. The trails are poorly marked and without any maintenance, which makes them very risky for people who are not in excellent physical condition. In Pampa Linda the CAB should have someone to provide advice. With the rates charged in the shelters it should not impact the club's economy.",4,-41.165318,-71.88186
Cerro Tronador,"The landscape is beautiful, the imposing hill, the road is not very good, that's why the three stars, the last stretch is gravel 40 km, very tedious with saws and many stones, supposedly although there are traffic times in which the single lane must be respected because of the narrowness of the road this is not fulfilled, because of this and because of giving way to traffic that was circulating in the opposite direction, a stone cut our tire, my recommendation is to stay in Pampa Linda or Playas Negras, it is not worth going to Tronador",3,-41.165318,-71.88186
Cerro Tronador,"I was impressed by the beauty of the place! With the size of the hill, and seeing the black glacier. I recommend the experience.",5,-41.165318,-71.88186
Cerro Tronador,"Great place. Impressive walk. We went with the people from Turaccion. Excellent service from Maria and the driver, Marcelo. Advice. Avoid the Los Rapidos camping site. Prices without shame. Example? 500 pesos for a plastic spoon to be able to eat yogurt bought from them!! One of those white spoons, the ones they give you anywhere...except for this, excellent experience.",5,-41.165318,-71.88186
Cerro Tronador,"There are 48 km of gravel, from the entrance to the parking lot, the truth is that up to the tronador hotel it is in perfect condition, but the last 16 km is quite deteriorated. From the parking lot to the Snowdrift it is worse. It can be done by car, you don't need to have a 4x4 (it's more of a convenience). The views are incredible!",4,-41.165318,-71.88186
Cerro Tronador,"The place is beautiful, unique, worth visiting. Chance to hear the crash of a piece of ice breaking off the mountain",3,-41.165318,-71.88186
Cerro Tronador,"Magnificent mountain formation. It's a long way to get there and the road is very bad, narrow and full of potholes. Upon arrival the van was unable to climb, chains were required. Unfortunately it was raining a lot, but the view was incredible. The tour lasts all day and you have to pay to enter the national park.",5,-41.165318,-71.88186
Cerro Tronador,"O lugar é muito lindo e tem neve o ano todo. Mas muitas horas de estrada de terra para pouco se aproveitar do lugar. No inverno há apenas um restaurante e fica lotado, sem condições de atender toda a demanda. Não recomendo.",3,-41.165318,-71.88186
Circuito Chico,"It is a spectacular place!!! Of the nicest places I've ever visited. It has on the way several very nice trails that go between the forests, viewpoints that take you around the lake with beautiful views and the panoramic point is a postcard! SUPER RECOMMENDED!",5,-41.07356,-71.53466
Circuito Chico,Amazing panorama! Breathtaking. Definitely one of the highlights of our trip! Don’t miss this place in Bariloche. Enjoy!,5,-41.07356,-71.53466
Circuito Chico,Rent a car and stop and go as you wish. More to do and more scenic than the Ruta de Siete Lagos drive. Some good restaurants to stop for lunch. Plan your hikes and beach stops.,5,-41.07356,-71.53466
Circuito Chico,"Gorgeous views and mostly great cycle route to be able to stop off at different points including lake beaches for a swim, colonia suiza for artesan shops and food/drinks and a micro brewery BUT would definitely recommend an e-bike as there are a lot of long and in places steep hills. Also be very, very careful on the final few KM as a coach physically ran us off the road onto the gravel resulting in injury, which could have been a lot more serious, bikes on the road are not well respected by all drivers…",4,-41.07356,-71.53466
Circuito Chico,Great views.  However…it is NOT an easy route.   There are many very large hills.  Use an e-bike if at all possible.  My half marathon fit son was struggling at times.  You need to be VERY fit to rent a regular bike.  It rooms us closer to 6 hours because we needed more breaks.   What the staff said was “level and easy “ was not so for us.,4,-41.07356,-71.53466
Circuito Chico,"Do not leave your car out of sight! We got robbed while we stepped out of our rental car. The robbers don't break the glass, just disengage the alarm and open the trunk. They specifically target foreigners with rental cars and are very fast. They don't look suspicious, seem to work in paírs (e.g. young woman and man) with normal looking clothes and act like tourists. If you will stop for the view or take a picture, better to park somewhere where you can see your car anytime. Even if there are people around, do not trust. No one does anything even if they see robbery.",1,-41.07356,-71.53466
Circuito Chico,"It is worth doing this tour on the first day to have a notion of what to visit after.. we passed by neighborhoods, we went to cerro cathedral, we passed by the famous Llao Llao hotel, and we went to the campanile.",4,-41.07356,-71.53466
Circuito Chico,"I made the trip on 10/10/24 with the agency Vivencias Travel de Bariloche, the same day I did the Circuito Chico, also did Cerro Catedral, the quiet do the 2 on the same day. The Circuito Chico I did in the morning, was very cool, the Guide super attentive, kind and explained everything in the smallest detail, telling the story of each point we passed and removing our doubts. We climbed the Cerro Campanario and it was simply amazing, the entrance is the part, it was 12,000 pesos, can pay in the hour there, paid in cash, but accept card too. You climb a little hill to the hill, up there it is very cold, because there is a lot of wind, but the view is simply too amazing. There are some photographers who take their photos and then if you want you can buy from them, I found a little affection, but I bought it anyway because I was alone and the photos were cool hahah, but if you followed, I think it makes no sense to spend on it, it's there for your 15,000 pesos (depends on the photographer). Then at the end there is a stop in a church, near the chic hotel Llao Llao, the stay there is mega expensive, but the Guide commented that if you want to spend an afternoon there, you can go because there is a coffee or something of the kind, from which you can buy and walk around the place, if I am not mistaken is about 50 dollars per person (cheaper than a night there).
After all, the walk was amazing, I recommend too.",5,-41.07356,-71.53466
Circuito Chico,"The Chico circuit is very beautiful with stops at impressive locations, it is worth making this tour. I did with AVC Tourism agency, but could have hired a taxi or rented a car which allows you to do things in your time. The Cerro Campanario has a beautiful view and is worth climbing. The cable car price can be paid in weight, real or dollar and credit card!!!",4,-41.07356,-71.53466
Circuito Chico,"Beautiful, travel very beautiful places to stop to enjoy and take photos, if you do it Wednesday or Sunday you find the fair of Swiss colony open.",5,-41.07356,-71.53466
Circuito Chico,"Exclusive tour to stop at points and take pictures , I found it quite dispensable , with a child so it becomes boring . Mehor opt for another type of tour .Even for adults found well without grace. It has the cerro campanario that has a beautiful view but nothing unavoidable.",2,-41.07356,-71.53466
Circuito Chico,This place is an amazing place to explore and get submerge in the beaty of this region. Breathtaking views of the panoramic landscape.,5,-41.07356,-71.53466
Circuito Chico,"Lindoooo! Amazing view!! 
It's worth renting a car!
The.Tours get expensive due to inflation!
There are several lakes! They're easy to find! They're close!",5,-41.07356,-71.53466
Circuito Chico,"We made in September of 2024 this circuit with the agency experiences , we did in the morning , and is included the climbing in the bell clock and after it begins the Chico circuit.  It was all perfect, very friendly Guide, punctuality .. everything ok .. 
But this circuit can be done by car perfectly and you can include at the end a walk to the brewery Patagonia and a stop in the municipal park Llao Llao ( super easy track ) . So much so that then we rented a car in vivências and we again made this circuit but in our time and we discovered beautiful places that no excursion does. The car we rented was a Sandero for 4 days went off at 45,000 pesos per day with free km. 
I will attach the map of the Chico circuit for those who want to take the ride with rental car. 
We visit the chapel of St. Edward and the mosquito rose shop , which if you want to buy you will leave a kidney . We have the mosquito rose shop in Gramado and it's not that fortune as they charge in Bariloche. 
Obs .. everything is very expensive in Bariloche , the tours , the food , not only in Bariloche but throughout Argentina . Look a lot before you go , the prices are the same as in Europe ... a meal for a couple doesn't go for less than R$300,00 , a simple empanada costs AR$2,200,00 , a 500 gram steak eye costs AR$35,000 ( from for 2 people ) without accompaniment at Tony's Parrila restaurant ( SAN martin ) .  In the case meal for 2 people with soda around AR$ 45,000. 
But in Buenos Aires it is more expensive. Search a lot before you go. Exchange rate at Western Union was AR$ 228.00 .",5,-41.07356,-71.53466
Circuito Chico,Wonderful walk. The view from the bell tower is really imperative. The ride on the cable car is a delight. Then this tour includes a city tour. Really very good.,5,-41.07356,-71.53466
Circuito Chico,"Be very careful in parking the trails to the Roman bridge and hidden lake. They open the rented cars, steal the money from the wallets and leave everything neatly locked as it was so you don't notice in the moment. They take nothing else but cash. When we talked about it among Barilochens, they told us it always happens there. Unfortunate that the municipality does not take care of tourists, if everyone knows what happens there should be a patrol boat. Too bad.",1,-41.07356,-71.53466
Circuito Chico,The Chico Circuit in Bariloche is one of the biggest attractions in the city. Breathtaking landscapes emerge at every blink of eye . Nature was capricious with the lake region.,5,-41.07356,-71.53466
Circuito Chico,"An impossible tour not to do. 
It is advisable to leave Bariloche in the morning and picnic at the side of the lake, beach or stream.
Can be done at any time of year",4,-41.07356,-71.53466
Circuito Chico,"Beautiful tour. I added the visit to Cerro Catedral, so it was an all-day excursion. I climbed the hill Campanario in aeroilla. It's really wonderful the view. Promotion is paid separately. It's worth it.",4,-41.07356,-71.53466
Circuito Chico,"Be prepared to keep your mouth open.....of course the weather conditions have to help, but really everything is of immense beauty.",5,-41.07356,-71.53466
Isla Victoria,"This iconic excursion begins in Puerto Pañuelo, where you will embark on the historic Modesta Victoria, a 1938 naval gem with bronze and wood details that transforms sailing into a journey back in time. During the tour, you will visit the immense Victoria Island, exploring its trails, Puerto Anchorena and Playa del Toro, and then marvel at the Arrayanes Forest on the Quetrihue Peninsula, unique in the world for its cinnamon-colored specimens. It is an essential experience because it combines the majesty of Patagonian nature with the mystique of sailing the most famous lake in the region on a boat of great heritage value.",5,-41.09486,-71.45322
Isla Victoria,"Nice place. Quiet and beautiful. They didn't have gluten-free alternatives in the cafeteria, so it's best to take. Impeccable bathrooms.",5,-41.09486,-71.45322
Isla Victoria,"A truly beautiful place: the color of the water, intense green, is of great impact. The ancient trees are majestic and the landscape of the lagoon is enchanting. A visit that leaves you speechless.",5,-41.09486,-71.45322
Isla Victoria,"The walk through the island is very beautiful, it is worth it, the guide introduced us to the history of the place and how it was the change from private island to a national park and other curiosities about local development.",5,-41.09486,-71.45322
Isla Victoria,"What a beautiful walk! It is worth seeing Isla Victoria. Wonderful vegetation. We did the tour with the cau cau and the staff were wonderful, especially the Jéssica guide who is very friendly and speaks a great Portuguese.",5,-41.09486,-71.45322
Isla Victoria,"Wonderful!

It is worth every penny invested in it to stroll, listen to the stories and appreciate the beauty of nature present in this place.

Note 1 million.",5,-41.09486,-71.45322
Isla Victoria,"We booked an excursion, leaving Puerto Pañuelo during the morning. The catamaran ride was very pleasant, and on the Island a guide explained us about trails, a lot of history, and a lot of nature. Although there was a bar/restaurant, we brought something to eat and drink, which we did on Toro Beach.",5,-41.09486,-71.45322
Isla Victoria,"There is no ferry, the only way to  visit that island is bij buying a 120 dollar ticket and make a minicruise. 
Bariloche is a super overpopulated tourist town with heladoschops and souvenirsshops.Hotels are far to expensive and the food is unhealthy full of sugars and fat.",1,-41.09486,-71.45322
Isla Victoria,"Island beauty die, impossible to capture in photos the beauty of the Island
We went with my son from the bariloche center, arrived in the afternoon and made the tour of the island
Recommendation, make the tour in the morning
10/10 please know this wonder",5,-41.09486,-71.45322
Isla Victoria,"Excellent attention, staff, organized activities for every need, exquisite food, comfortable and warm rooms, are waiting to attend and pamper you",5,-41.09486,-71.45322
Isla Victoria,"Very expensive for what it is. The forest of arrayans is a very small circuit what they let you do and is currently with the low foliage and the grayest trunks x drought of 2012, you enjoy doing it by bike from the Angostura... And the island is beautiful but for me overrated what can be explored is very little",3,-41.09486,-71.45322
Isla Victoria,"Beautiful place, interesting to know the history and know how nature was modified by the human hand. The importance of respecting the environment",5,-41.09486,-71.45322
Isla Victoria,"What a hole, an abandoned island, no beautiful boat, sailing and arriving pointless on the island that has nothing attractive, I spent money all the way, should take this tour.",1,-41.09486,-71.45322
Isla Victoria,A delight of boat ride by the lake. At the park stop a beautiful and easily accessible trail. At the second stop visit the park and see the sequoias was very beautiful. It's worth it. Contemplation tourism nature.,5,-41.09486,-71.45322
Isla Victoria,"Wonderful place, one of my My Saves of Bariloche.
We loved the droughts, the giant trees in the middle of the woods, even it looked like a kkkkkk horror movie",5,-41.09486,-71.45322
Isla Victoria,"We pick up the Cau-cau boat at Porto Pañero at 2 p.m. A stretch of 30 min of navigation to the island and we make a trail that for me was the most interesting point: the Guide Melina told us about the Patagonian peoples and the history of the island, then another stretch of 45 min of navigation to another island we do a wooden boarding trail and the return of +- 1 hour. The view is beautiful, the seagulls arrive near the boat (it is forbidden to feed them as before). We went by rental car and bought in Porto right ( has discount for 4). The Chico circuit passes in front of this Porto (the Porto is in front of the Llau Llau hotel), I suggest to make the Chico circuit before and take advantage of to buy the boat ride that you will do on another day.",5,-41.09486,-71.45322
Isla Victoria,"To access, you have to book the boat excursion. Beyond the price, the boarding fee, the entrance to the park, and (optional) the transfer to Puerto Pañuelo, it is a very interesting island, given that it has a lot of history, 100% nature, beach, botanical garden, restaurant. ..question of finding out the departure and arrival times of the boats/catamarans.",5,-41.09486,-71.45322
Isla Victoria,"Highly recommended adventure experience in Bariloche.
Very careful tour with qualified guides.
Enjoyable bathing in the lake and dozens of interesting species of trees and plants, to liven up your enjoyment with general culture.",5,-41.09486,-71.45322
Isla Victoria,"I had gone many years ago and had another image of the Island. I really found it very poor, it even seemed to me to have many fewer specimens of myrtle trees. I really did it because it is a classic among rides but I wouldn't do it again",3,-41.09486,-71.45322
Isla Victoria,"Every time I go to Bariloche, I go to the island. But this last time, I came back very disappointed. It is in very bad condition, almost abandoned to its fate. If it weren't for the guides (both on the long circuit and the small one) who provide all their knowledge and explain wonderfully, it would be a very bad tour. The bathrooms without cleaning, without papers. The signal signs, all unpainted, some fallen. The truth is that in terms of quality/price it is not worth it today.",2,-41.09486,-71.45322
Lago Espejo Grande,"If you are driving along the Seven Lakes Route which is a very scenic portion of Route 40 ️starting in Villa La Angostura and ending in San Martin de los Andes, then this will be the first lake that you will pass.  Worth stopping at the vantage point to take photographs.  The lake's name, which translates to 'Mirror Lake,' reflects its ability to mirror the surrounding landscapes, creating picturesque scenes that attract photographers and artists alike.",4,-40.685677,-71.695526
Lago Espejo Grande,"We went with my partner to villa la angostura, bariloche, villa traful and saint martin of the Andes, we were delighted with the place full of beautiful landscapes, we stayed at the dock by dot boutique in villa la angostura, about 10/15 min drive to the center of villa la angostura, I highly recommend the hotel, as we were treated wonderfully, with breakfast included, has internal and external heated pool, and with sauna.",5,-40.685677,-71.695526
Lago Espejo Grande,"The mirror lake is the most impressive lake on the seven lake route. As the name suggests, its appearance is mirrored, making it an iconic symbol of Argentine patagonia. We saw it from a scenic point just off Route 40 to Route 231. We also went down to the beach, the water was not cold and we could enjoy a swim.",5,-40.685677,-71.695526
Lago Espejo Grande,"A beautiful lake and amazing beach. Don't miss the viewpoint on Route 231. The beach has good services, from parking , bar , etc.",5,-40.685677,-71.695526
Lago Espejo Grande,"From the viewpoint, an incomparable beauty. From the flat, a world of people, expensive umbrellas, full of cars and very windy (we went on a Sunday).",3,-40.685677,-71.695526
Lago Espejo Grande,"Very beautiful lake.
I was in in the summer and on a sunny day, so the blue sky with the lake green left the landscape even more beautiful.
I went on a tour through agency, so it was only a little time for photos from above, still gave to see how beautiful it is.",5,-40.685677,-71.695526
Lago Espejo Grande,"The landscape is incredible, with a calm atmosphere and no music, and the best of all is that the beaches were public and free access with the option of free parking, not like in Chile where everything is private and they charge for everything.",5,-40.685677,-71.695526
Lago Espejo Grande,"I saw it from the viewpoint on the road, near route 40. I thought it was a beautiful lake, very big and it must be incredible to spend an afternoon in it",4,-40.685677,-71.695526
Lago Espejo Grande,"Spectacular, impressive view, you have to get there from Bariloche, by car, about an hour and a half, the tour is very nice, relaxing. You can have lunch at Villa Angostura, 10 minutes before arriving, and of course go in summer. The water very cold.",5,-40.685677,-71.695526
Lago Espejo Grande,"An incredible place for its beach and its waters, I knew the place from the viewpoint but its beach is 100% worth it. The water is crystal clear. We kayaked to the Caribbean beach and it was honestly unmissable. Super recommended.",5,-40.685677,-71.695526
Lago Espejo Grande,"Muy lindo lugar, muy recomendable.!!! Los accesos al lago estas libres a todos los visitatntes, estan limpios y con servisios basicos.
El pueblo es rustico, bien mantenido, la gente muy amable. lleven dolares solo de  100 o 50 en buen estado.",5,-40.685677,-71.695526
Lago Espejo Grande,"Es un hermoso lugar que compone el camino de los 7 lagos. Se caracteriza por una amplia playa de grava fina y clara. Sus aguas son cristalinas, aptas para familias. Los patos y las avutardas coexisten tranquilamente con los visitantes.
Se puede realizar y alquilar kayacs. Tiene un fook truck y un bar con licuados y tragos en la playa.
Muy tranquila... recomendable llegar temprano.",4,-40.685677,-71.695526
Lago Espejo Grande,"El lugar es increíble 
La playa es preciosa . Es amplia y la superficie de hacer pie en el agua es amplia .
Cuenta con un buen parking , baños públicos y un parador de comida rápida . 
Alquilan sombrillas y reposeras 

Sugiero ir de mañana qué hay menos gente .",5,-40.685677,-71.695526
Lago Espejo Grande,"Tiene una playita libre que es muy linda, con arena y podes disfrutar  del lago muy bien.  También tiene un fondo truck.
Hay que ir temprano porque se llena, pero es muy recomendable!!",5,-40.685677,-71.695526
Lago Espejo Grande,"Hermosa Lago para hacer kayac. Estuvimos dos remando y no había boyas ni
Límites horarios. El encargado nos señaló los mejores puntos para ir y estuvo genial. No nos cruzamos a una sola persona en toda la remada, hermoso. Eso si, después almorzar ahí es malo y caro para la calidad. Pero sin dudas aconsejo el kayac.",5,-40.685677,-71.695526
Lago Espejo Grande,"Al atardecer se refleja como el paisaje. En verano, el sol por ahi no lo deja ver en su magnitud. Imagino que con nieve sera maravilloso.",5,-40.685677,-71.695526
Lago Espejo Grande,"Saliendo desde Villa Angostura hacia San Martín de los Andes, encontramos el Lago Espejo, hermoso para el descanso y la vista,  debe su nombre al reflejo en el agua.",5,-40.685677,-71.695526
Lago Espejo Grande,"Este hermoso lago acompaña a la ruta 40, en la parte de los 7 lagos, durante un trayecto bastante largo. Lo más destacable del mismo es su hermoso color y, si se tiene suerte de ir un día sin viento, ver el reflejo de sus extraordinarios paisajes sobre el mismo. El lago cuenta con una playa bastante linda, con arena bastante fina para ser un espejo de agua dulce y de color bastante claro. La playa cuenta con un muelle, que inexplicablemente tenía la puerta cerrada pero que se podía acceder al mismo pasando por el costado de la puerta. Por ahí le falta un poco de oferta gastronómica a este lugar pero, por otro lado, es una forma de que se mantenga más limpio el lugar.",5,-40.685677,-71.695526
Lago Espejo Grande,"Antes de bajar a  la playa, no dejar de visitar el mirador de la ruta 231.
Después bajar y caminar por la bahia. Muy bien atendido el boliche de la playa",4,-40.685677,-71.695526
Lago Espejo Grande,"La bajada esta medio escondida mas si vas desde Villa la angostura. 
Hermoso balneario, Llegamos 5 y pico en marzo, y hasta nos metimos al agua y no estaba tan fria, estuvimos bastante.
Las playas divinas, amplias con arena, bares, alquiler de reposeras, kayaks, un muelle, guardavidas, estacionamiento amplio. Ganas de volver",5,-40.685677,-71.695526
Isla Victoria,"Hello good !!! I took the excursion through the ZIGZAG travel company, take advantage of the fact that they have discounts. It is a journey of pure connection with nature and the island is the Caribbean (literal) worth every penny!! If you can do it",5,-41.09486,-71.45322
Isla Victoria,"Very good boat trip. The island is beautiful, well looked after. The trails are interesting, and you can see redwood trees. The beach is small. The canteen has few products and service that leaves something to be desired.
The length of stay on the island is very long, it can be 1-2 hours less",3,-41.09486,-71.45322
Isla Victoria,"The best thing was the happy company of cormorants during the crossing, (they bring some cookies, fruit) they eat everything from your hand, the inn on the beautiful island allows you to explore it on easy trails, its pier is for unique photos.",4,-41.09486,-71.45322
Isla Victoria,"A wonderful place, with the opportunity to do a mini trek without complexity to marvel at its vegetation, its surroundings of lakes and snow-capped mountains. It is part of the Arrayanes and Victoria Island lake excursion and I think it is a must-see in San Carlos de Bariloche.
           The very educational Turisur guides and the facilities could improve the cafeteria service, although no one can go to such a paradise with the premise of gastronomic consumption.
          There are attractions that are not promoted and are not visited either, that catches my attention: e.g. cave paintings, Puerto Gross and others. It's the only thing that makes me think. Everything we saw was BEAUTIFUL. . . .
",4,-41.09486,-71.45322
Isla Victoria,"beautiful tour of the lake, we enjoyed every moment of the trip.
beautiful places that make one want to return.
",5,-41.09486,-71.45322
Isla Victoria,"We visited this site with a Turisur excursion combined with Arrayanes Forest. On Victoria Island you can take a guided tour (if you want) in which you walk along a path and make stops during which the guide tells you things related to the place and the vegetation. It is interesting although we couldn't fully enjoy it because it was raining, cold and there was a lot of mud. It is a walk to do in better weather. And don't forget to wear appropriate footwear with high rubber soles to avoid getting muddy and skidding. The trees on the island (larch, sequoia, pine and others) are truly wonderful, with impressive heights and shapes. The catamaran ride is also very nice. We got the Modesta Victoria ship, which is the oldest and has spaces with different settings to sit on. It is one of the must-visits in Bariloche.",4,-41.09486,-71.45322
Isla Victoria,"O passeio é uma porcaria. E poderia ser feito em 1 hs no maximo, o barco é ruim, a ilha não tem nada demais a não ser árvores e uma pintura rupestre bem meia boca. Não tem lugar para comer pois a cafeteria lá é o pior lugar que comi na minha vida ! Fuja disso",1,-41.09486,-71.45322
Isla Victoria,"nuestra experiencia fue buena el viaje en barco agradable. buen servicio de cafetería y algo para almorzar también se podía pedir . la guía en la isla muy amable y dispuesta . 
contactamos el servicio de fotos y fue una buena elección unos genios. 
recomendable ",5,-41.09486,-71.45322
Isla Victoria,"Salimos media hora más tarde de la hora indicada.  Durante la espera mientras el barco zarpaba un olor a combustible insoportable.  El primer destino fue el bosque de arrayanes luego de algo más de una hora de navegación, una completa desilusión, la mitad de los arrayanes están secos, los carteles con información rotos o borrados, cuando finalmente llegamos a la cabaña emblemática al fina del recorrido, prácticamente no te podés sacar fotos porque están los fotógrafos contratados que quieren usar ellos el espacio para sacarte la foto y luego cobrártela, increíble!  Tuve que discutir con uno para que me dejara sacar una foto....
El segundo destino, Puerto Anchorena en Isla Victoria, al cual llegamos a eso de las 13:30 hs.  Los guias, de mal humor por cierto, te indicaban que podías hacer un circuito guiado a pie por la isla en ese momento que duraba algo más de una hora.  Nuestros amigos iban con niños que no podían esperar hasta las 15hs para almorzar, así que le pregunté a una de las guías si había otro turno más tarde, a lo cual me respondió que no, que sólo había uno.  Tuvimos que quedarnos a almorzar y perder el tour porque no había otra opción.  Había un único restaurante, más bien cantina, sin infraestructura, uno tenía hasta que levantar la mesa cuando terminaba de comer, con 3 o 4 opciones de platos (algunos ya no les quedaban y había cientos de personas en la isla!) y con dudosas condiciones de higiene.  Lamentable, un lugar hermoso mal aprovechado y no pensado para el bienestar del turista ni para el cuidado del entorno.
La frutilla de la torta fue que luego de almorzar y de hacer un recorrido por nuestra cuenta (lo cual no es lo mismo si te explican lo que ves), nos enteramos de que teníamos que esperar hasta las 17:30 que el barco regresara a buscarnos porque se había ido a hacer otros viajes.   Totalmente desproporcionado el precio de la excursión en relación al producto que ofrecen carente totalmente de calidad.  Una pena porque el lugar merece otra cosa.",2,-41.09486,-71.45322
Isla Victoria,"Contratamos un barco privado para 10 personas, por 3 hs de excursion, con 1 hora de caminata en la isla, muy practico por poder definir horario, muy cómodo por la navegación y económico.",5,-41.09486,-71.45322
Isla Victoria,"We took the Boat Cau Car to Isla Victoria where we did the short hike, saw the little area for the Arrayanes trees, endemic trees to the area.  Our guide gave us history and tour of the area.  

We also visited the Bosque Arrayanes on this boat excursion.  

Beautiful.",5,-41.09486,-71.45322
Isla Victoria,"No se van a arrepentir!.
Fuimos con la excursión que también te hacen recorrer la isla, pero directamente nos quedamos en playa del toro!!  El color del agua soñada, la playa hermosa!!!",5,-41.09486,-71.45322
Isla Victoria,Hermosa excursión. Un lugar maravilloso lleno de historia... excelentes los guías de Turisur. Hermoso barco Modesta Victoria. Quedé maravillada.,5,-41.09486,-71.45322
Isla Victoria,"realmente vale la pena la visita a este lugar, plagado de naturaleza y de historia, el servicio de guias de cau cau le dan un toque de jerarquia a la visita.",5,-41.09486,-71.45322
Isla Victoria,Hermoso! Recomiendo ir con el guía de la embarcación para entender la importancia del lugar! Tiene que ser una visita obligatoria en Bariloche,5,-41.09486,-71.45322
Isla Victoria,"Me encantó esta visita. Un lugar con muchísima historia, hermosos paisajes, mucha biodiversidad, pero lo que más me gustó es lo bien que está protegido hoy en día este patrimonio tan lindo. Es parte del parque Nacional Nahuel Huapi y están más de dos tercios de la isla protegidos para el estudio, la conservación y la protección de especies nativas y exóticas que habitan ahí.
Es necesario llegar allí en servicio de bote o catamarán desde Puerto Pañuelo de Bariloche para poder acceder. Vale la pena porque la verdad es espectacular.",5,-41.09486,-71.45322
Isla Victoria,Fue la visita que más me sorprendió. Hay secuoyas!! Te cuentan la historia de los Anchorena en la isla. La playa del toro es la mejor.,5,-41.09486,-71.45322
Isla Victoria,"Hermoso lugar!! Tienen que visitar si o si el sector de playa Del toro, la caminata tiene vistas panorámicas maravillosas",4,-41.09486,-71.45322
Isla Victoria,"Em passeio de meio dia de catamarã pode-se visitar a Ilha Vitoria, a maior do lago Nahuel Huapi , assim como o Bosque de Arrayanes. Ver a plantação de diferentes arvores e da mata local é o programa. Em especial a plantação de sequoias.",4,-41.09486,-71.45322
Isla Victoria,"Visitei a ilha em novembro, na primavera, então imagino que em outra época do ano, a experiência seja diferente. Fiz o circuito de caminhada de 1km junto da guia. Deu tempo de parar e apreciar a vista, tirar fotos e aprender mais sobre a história do lugar. Só tenho elogios, foi tudo perfeito e lindo. ",5,-41.09486,-71.45322
Bosque de Arrayanes,"Fuimos en el
Catamaran, la navegación es lo más
Bello, caminamos los 800mtrs de pasarela. Las vistas del
Bosque y del
Lugar son hermosas pasamos una linda tarde y el
Tiempo ayudo. Sin embargo me
Parece medio cara la
Excursión. Pagamos $500 cada uno y no te dan ni un vaso de agua. ",4,,
Bosque de Arrayanes,"Sin dudas visitar el bosque es hermoso en paisajes y naturaleza, pero solo hay dos empresas que te llevan y la verdad estas muy poco tiempo y tanto lo que te cobran y el servicio a bordo es muy caro por ejemplo 20 pesos el agua caliente",3,,
Bosque de Arrayanes,"Passei tranquilo, local bonito e com certeza deferente. As árvores com cor de caramelo eram incríveis. O passeio vale a pena junto com a Isla Victoria.",4,,
Bosque de Arrayanes,"Realmente no vale la pena, te cobran $650 el catamaran por persona, son 2 hs de viaje (1 de ida y 1 de vuelta) y 1 hora en la isla (45 min haciendo la pasarella de 800 metros y 15 minutos para tomar algo en la ""casa de te""), realmente sentis que te apuran todo el trayecto porque el barco se va.
En cuanto al lugar, no nos sorprendio nada, se ven arrayanes y otros arboles, sinceramente el arrayan es un arbol simple, lo cual no tiene nada de vistoso como para que se justifique contratar dicha excursion, fuimos en abril e imaginabamos ver otra cosa, tonos de otoño, vistas unicas. nada de eso paso, una simple pasarella y la verdad todo parece armado para dejar los $$ en el parque y en la agencia de turismo, no lo recomiendo para nada!
La guia del catamaran futaleufu, ha sido muy amable y predispuesta durante toda la excursion, la critica es a la actividad , muchos estamos pocos dias en la angostura y de haberlo sabido nos hubieramos buscado otro plan para ese dia",1,,
Bosque de Arrayanes,"LLegar ya es una experiencia fascinante !! Se puede llegar comodamente en en una excursión en barco, o bien aventurarse remando un kayak por las aguas azules, sobre los pedales de una bici sintiendo el viento en la cara, o bien una relajante caminata por el sendero dentro del bosque nativo !!
Al llegar un descanso en la playa con vista sobre el Nahuel y luego recorrer las pasarelas que serpentean entre increíble cantidad de arrayanes !! 
Para vivirlo todo el año !!!",5,,
Bosque de Arrayanes,"El bosque de Arrayanes es un pequeño sector demarcado con pasarelas al que se puede acceder por barco, en grandes embarcaciones llenas de gente. Para disfrutar más el lugar y el paseo mejor no ir con esos grandes grupos. 
Se puede ir caminando desde Villa La Angostura por un bosque que cada vez tiene más arrayanes hasta llegar al sector con pasarelas. El tramo tiene 12,5km por lo que la caminata sería de 25km. Sin duda llevar más de un litro de agua por persona y algo para comer. Es una caminata hermosa sin grandes dificultades pero definitivamente no es para hacer ida y vuelta si no se practica ningún tipo de actividad física durante el año. 
La caminata de regreso desde el bosque me pareció más amena así que quizás una buena posibilidad para quien quiera hacer solo 12,5km en un día es tomar el barco de ida y volver caminando. 
A uno o dos kilómetros de la zona con pasarelas hay un desvío en el camino hacia un lago, no lo visité pero seguramente vale la pena ir. 
Es un lugar hermoso que no se puede dejar de visitar.",5,,
Bosque de Arrayanes,"Fuimos al bosque de Arrayanes desde Villa La Angostura.... y a pesar de ser la cuarta vez que andamos por la zona, fue la primera vez en visitar el Bosque de Arrayanes. Todo es realmente hermoso tanto el viaje de ida, como el bosque, los guias, el color del agua, el catamarán, todo... todo... todo simplemente MA-RA-VI-LLO-SOOOO!!! Una excursión para repetir las veces que se pueda!!!",5,,
Bosque de Arrayanes,"Busquen precios de los barcos! Se puede hacer caminando ida y vuelta pero son 24 km que si bien está muy bien señalizado tiene sus desniveles por lo que a una persona sin mucho entrenamiento lleva 4 horas un tramo. Sugieren hacer la ida en barco y el que quiera vuelve caminando. Lleven mucha agua y si hace calor malla porque hay lugares para meterse. La confitería muy cara. (Pueden ir con comida). Hay Catamaranes que son multitudinarios o embarcaciones individuales que van en otros horarios del catamaran por menor precio, con guía y que disfrutas el paseo porque el bosque no está atestado de gente y los parlantes de los catamaranes",4,,
Bosque de Arrayanes,"Fuimos en una excursión lacustre bastante buena, con un guía que a diferencia de los de las lanchas de Bariloche, sabía bastante y supo explicarse bien, con criterios ambientales.
El Bosque y entorno es único, bien señalizado y atendido. Llevamos un picnic y saboreamos un carísimo café en ""la casita""
Una gran combinación para luego volver en bici o caminando a Villa La Angostura",5,,
Bosque de Arrayanes,"Hermoso paseo en catamaran, disfrutando del paisaje, a mis hijos les encanto. El recorrido por el bosque muy entretenido, la guia muy atenta.",4,,
Paseo Costanera Junin de los Andes,"I love starting the day here. The views are amazing and the tranquility you breathe is unique. It’s my favorite place for a revitalizing hike, just not to be missed!",4,-39.937,-71.06571
Paseo Costanera Junin de los Andes,"Muy lindo para pasasr el dìa a orillas del Chimehuin en plena ciudad, tomar mates, aprovechar a bañarse y jugar con los niños. Mi lugar en el mungo.",5,-39.937,-71.06571
Paseo Costanera Junin de los Andes,"A costanera do ícônico Chimehuin River é um ponto aonde vc para , pucha uma cadeira , um mate, e curte. È simples e bonito.  Voce pode tomar um banho de rio, brincar com as crianças e até pescar umas trutinhas.",5,-39.937,-71.06571
Paseo Costanera Junin de los Andes,"Junin de los Andes é uma cidade bem pequena, que faz um ótimo aproveitamento do seu rio, com um parque em parte da extensão. As famílias fazem piquenique, descansam e tomam banho de rio. Rio com pedras, bom ir com sapato de água.",5,-39.937,-71.06571
Paseo Costanera Junin de los Andes,"Desde la ventana de la habitacion se ve el rio Chimehuin y su rumorosa corriente, para ver un poco mas caminé hasta la costanera y me encontré con un camino peatonal muy lindo, que invita a quedarse un largo rato mirando el rio. Un lugar que merece ser visitado",4,-39.937,-71.06571
Paseo Costanera Junin de los Andes,"Esta bueno el paseo, con camino costero peatonal y muy bien conservado!!! especial para tomar unos mates y descansar y porque no pegarse un chapuzon!!!",4,-39.937,-71.06571
Paseo Costanera Junin de los Andes,"De visita obligada ya sea para ir a leer un libro al sonido del correr de las aguas o para un chapuzón en un día caluroso. La correntada Del Río es ideal para dejarse llevar flotando, una y otra vez a modo de tobogán. El paseo costanero es muy lindo, hay un puente para pasar a la isla que forma el río, hay buena arboleda y parque para disfrutar. Hay venta ambulante de comida para acompañar el mate, infaltable en esta cita con el río. No hay baños públicos. ",5,-39.937,-71.06571
Paseo Costanera Junin de los Andes,Podría estar más limpio y mejor cuidado ya que es un paseo reciente y faltan cestos para los residuos.,3,-39.937,-71.06571
Paseo Costanera Junin de los Andes,"La Costanera del rio Chimehuin. en JUNIN DE LOS ANDES, en el sector del centro de la ciudad, se puebla durante el verano, con los residentes locales que acuden a sus orillas de cesped natural para disfrutar del sol y del agua. El acceso es libre y gratuito y se puede pasar a una gran isla por el conocido como Puente Banana. 
Durante el resto del año, los juninenses aprovechamos toda tarde de sol posible para la recreación. Gente caminando, tomando mate, andando en bicicleta o jugando cualquier juego al aire libre, acuden a este bello sector.
Sin embargo, es sumamente necesario trabajar fuertemente con residentes y visitantes para evitar la polución de tan bello espacio, cuidando la deposición de toda clase de residuos.
Todos los años, 1 o 2 veces por temporada, vecinos y allegados nos congregamos a realizar limpiezas de costa y cauce, llevando al vertedero municipal todo lo que logramos retirar. Sin embargo, la prevención es la tarea más relevante. 
Si ud viene de visita, por favor, no deje los residuos que genera. Lléveselos a su alojamiento y use el tacho de residuos a tales efectos. Colaborará con la comunidad que lo recibe.",4,-39.937,-71.06571
Paseo Costanera Junin de los Andes,"Lindo paseo, es uno de los pocos atractivos que tiene Junín de los Andes.
 Fuimos un lunes por la tarde a visitar Junín de los Andes, pasamos por la oficina de turismo y ahí nos recomendaron ir a conocer el paseo de a Costanera.
 La temperatura era un promedio de 6 o de 7° el paseo tendrá menos de 500 metros, tiene una Costanera y un puentecito desde donde se pueden sacar unas fotos muy lindas.
Se encuentra a unas cuatro cuadras de la plaza principal y enfrente de una escuela. 
 Supongo que en verano debe ser más lindo, para quedarse a tomar mate o a pasar un buen rato.",3,-39.937,-71.06571
Paseo Costanera Junin de los Andes,"Hermoso lugar, para ir a tomar unos mates, parar un rato si es que estas de paso por Junin y concer!",4,-39.937,-71.06571
Paseo Costanera Junin de los Andes,"Lugar espléndido para escuchar la corriente de estas aguas cristalinas a pocos del casco urbano de Junín de los Andes.
La invitación para una pausa en la vorágine cotidiana y buen mate .",5,-39.937,-71.06571
Paseo Costanera Junin de los Andes,"Uma boa parada para a volta à San Martin de los Andes após a vista ao Vulcão Lanín. Depois da visita ao Vulcão, o passeio em Junin de los Andes é uma boa pedida para um lanche e um descanso. Não é imperdível.",3,-39.937,-71.06571
Paseo Costanera Junin de los Andes,"la costa del rio chimehuin , es excelente para una tarde de mate en familia , buen sol , ideal en verano ",5,-39.937,-71.06571
Paseo Costanera Junin de los Andes,"En restobar Sauco un excelente lugar para hacer una parada.El lugar sencillo pero muy acogedor y la atención personalizada muy amable
 Pasamos a desayunar y probamos y recomendamos su pastelería, especialmente sus ricas tartas (de frutos rojos..)muy buenas.",4,-39.937,-71.06571
Paseo Costanera Junin de los Andes,"hermosa vista del paseo costero y los cerros a la orilla del Río Chimehuin.
En invierno para unos ricos mates y en verano lugar de playa y caminata por la costa.",3,-39.937,-71.06571
Paseo Costanera Junin de los Andes,"El paseo costanera, se encuentra muy bien cuidado. Es una buena opción para alejarte de la ciudad y disfrutar del rio y sus alrededores. Desde la plaza principal se caminan unas 7/8 cuadras y se llega a este bello lugar.",4,-39.937,-71.06571
Paseo Costanera Junin de los Andes,Un lugar para la caminata y el esparcimiento dentro del ejido urbano de Junín de los Andes. Cita ideal para matear a orillas del CHIMEHUIN .También pasear por el puente Banana .O bien cruzar hasta la Islita .Se aprecia el Cerro Abanico.,5,-39.937,-71.06571
Paseo Costanera Junin de los Andes,Lindo lugar para caminar o sentarse a merendar a la orilla del río. Ideal para el descanso de los lugareños y solo un paseo más para los turistas sin nada destacable.,3,-39.937,-71.06571
Paseo Costanera Junin de los Andes,Si andas por Junín tomate tu tiempo para apreciar la naturaleza y el paisaje pre cordillerana de la patagonia. Compra algo para tomar y comer . Espera el atardecer a la orilla del río . Ocres verdosos y marrones amarillentos se hacen sonido cristalino del curso de agua. Relájate y disfruta,5,-39.937,-71.06571
Lago Correntoso,"The Correntoso River, famous for being one of the shortest in the world, links Correntoso Lake with Nahuel Huapi in a landscape of hypnotic beauty. In this corner of Villa La Angostura, you can walk along its iconic bridge to watch giant trout in transparent waters or relax on the lake’s volcanic sand beaches, which usually have warmer than average waters. It is a must for fly fishing and photography lovers, as the contrast of deep blue with the mountains is simply spectacular and even more so in the evening.",4,-40.739456,-71.6691
Lago Correntoso,"Beautiful tour! With beautiful views of the mountains. Close to the city, it is 3km away. Highly recommended to spend a little time.",5,-40.739456,-71.6691
Lago Correntoso,"Another beautiful lake on Route 40, Argentine Patagonia.
Even if I only see it from above, it's pretty. And with a sun, the combination of blue sky, green vegetation and lake, leaves the landscape stunning. 
It is worth renting a car and going by account to arrive a time of less movement (I believe there is), and the time you want.",5,-40.739456,-71.6691
Lago Correntoso,"To visit! Both from the viewpoint and from the beach. Ideal for having some mattes with a mind-blowing view! I recommend it for vusutar
",5,-40.739456,-71.6691
Lago Correntoso,Excellent place to visit. Don't stop passing. It has the shortest river in the world. Landscape for photos. Easy to get to. Road to the 7 lakes,5,-40.739456,-71.6691
Lago Correntoso,"Certainly the most beautiful place on the trip.
The cleanest water. The most beautiful color.
Photos and videos are not enough to show the real beauty of the place.
I want to go back a thousand times.",5,-40.739456,-71.6691
Lago Correntoso,I loved! I spent an afternoon at this lake on a Sunday and found it delightful. Wonderful vibe of the place and beautiful landscapes,5,-40.739456,-71.6691
Lago Correntoso,El lago correntoso es uno de los más visitados ya que ahí comienza el camino de los siste lagos. Tiene varios puntos panorámicos y mucha flora a su alrededor.,4,-40.739456,-71.6691
Lago Correntoso,Lindo lugar para pasar medio día. Se puede ir caminando desde el centro de la ciudad por la ruta ya que posee una bicisenda y una senda peatonal para llegar ahí a pie. Serán aprox 1 hora caminando (4 km y medio).,4,-40.739456,-71.6691
Lago Correntoso,"En VLA todo es hermoso pero este lago me resultó a mi pareja y a mi especialmente encantador. Sus aguas parecían un poco mas azules y las montañas o cerros que lo encajonan paren mas espectaculares por su cercanía. 
Si uno se atreve a encarar la subida al filo del Falso Belvedere la vista desde ahi arriba es alucinante.",5,-40.739456,-71.6691
Lago Correntoso,"Llegamos caminando, el paisaje es mágico, la playa en su extremo este te invita a sentarte en un tronco y mirar hacia todos lados.",5,-40.739456,-71.6691
Lago Correntoso,"Hermosa el agua, para meterse de cuerpo entero. La playa es angosta aunque larga y a lo largo del día se junta mucha gente.",5,-40.739456,-71.6691
Lago Correntoso,"Es un lago muy grande por lo cual tiene varias bajadas, playitas. Son todas recomendable!! Bastante tranquilo para disfrutar en familia",5,-40.739456,-71.6691
Lago Correntoso,"Sin salirnos de Villa La angostura accedemos a esta playa, no muygrande, pero cómoda, con lugar para aparcar a lo largo de toda su bahía, conun camping al lado y si vas con niños, también tiene guardavidas.

Las aguas están dividadas por la profunidad y hace que se vea de color azul y esmeralda, con las ""paredes"" de montañas que le dan un marco increible.",5,-40.739456,-71.6691
Lago Correntoso,"Pudimos bañarnos, tiene una pequeña playa que es muy concurrida. Un lugar para pasar el día, y también tiene sobre la playa un bar que te ofrece lo elemental.",5,-40.739456,-71.6691
Lago Correntoso,"Conocimos la playa sobre el LAgo Correntoso, a unos pocos Kms del centro de Villa La Angostura.
Es un muy lindo paisaje, con una playa que en temporada alta se llena de gente , como asi tambien los fines de semana, pero dado que fuimos una mañana de noviembre en dia de semana, estaba sumamente tranquila y se pudo disfrutar. Es amplia para caminar, tiene un camping mapuche en el medio que vende algunas pocas cosas de abastacemiento (por lo menos el dia que yo fui), la playa es bastante linda, y sin lugar a dudas lo mejor es la vista maravillosa que se tiene desde la Bahia donde esta la playa al entorno que lo rodea.
Muy lindo para pasar algunas horas y cerca de Villa La Angostura.",4,-40.739456,-71.6691
Lago Correntoso,"O legal é descer para ver o Rio Correntoso de perto. Tentamos almoçar no Hotel Correntoso (que tem uma vista linda, assim como a sua arquitetura) mas não conseguimos.",5,-40.739456,-71.6691
Lago Correntoso,"El color verde-azulado, es una de las mayores atracciones de este maravillos lago, tiene aproximadamente 27 km², mucho más pequeño que el lago en el que desemboca (Nahuel Huapi) a través del río del mismo nombre . Está enmarcado en una cadena montañosa de espectacular belleza y posee aguas con una temperatura más templada que el Nahuel Huapi. El agua de este lago proviene del lago Espejo, mediante el río Ruca Malén. Cuneta con una playa muy bonita, a la cual se puede acceder desde la icónica ruta 40 que se encuentra a metros del mismo, justo antes de cruzar el puente que pasa por arriba del río Correntoso. Una increíble postal para comenzar la ruta de los 7 lagos.",5,-40.739456,-71.6691
Lago Correntoso,que decir de cada lugar del sur Argentino. un paisaje mas hermoso que ootro. El correntoo es de sueño,5,-40.739456,-71.6691
Lago Correntoso,"Parada fotográfica durante el recorrido por la ruta de los 7 lagos para admirar la belleza del paisaje que nos regala el Lago Correntoso.
Sin dudas, la Patagonia es única.",4,-40.739456,-71.6691
Cerro Chapelco,"Dream. Terrible investment they are making for the winter season 2026, now in summer closed by the great work they are doing",5,-40.225285,-71.261665
Cerro Chapelco,Beautiful! We went skiing although it was not the best temp we were c/ luck snowed since we arrived. We went skiing a few days the stops to eat x at least to the ones we were delicious and they don't kill you,5,-40.225285,-71.261665
Cerro Chapelco,We climbed the long weekend of August we found some snow but the hill lacks a little maintenance rating that there are projects for new works for 2026. It's a nice option,4,-40.225285,-71.261665
Cerro Chapelco,"After penetrating the cathedral, I felt like a princess on the Chapelco hill. Quieter, cheaper.. a lot of mud. But worth the experience",5,-40.225285,-71.261665
Cerro Chapelco,"The majesty of this mountain invites you to adventure. Its landscapes and activities are a delight. It is a paradise for lovers of snow and nature, with breathtaking views.",5,-40.225285,-71.261665
Cerro Chapelco,"Very cute and with various activities giant slide, zip line, bike, horses, palestra, high jump, trekking and paragliding.",5,-40.225285,-71.261665
Cerro Chapelco,"BEAUTIFUL LANDSCAPES.
VERY KIND PEOPLE.
KEPT PLACES.
PRICES ACCESSIBLE IN FEW SUPERMARKETS GO TO .""COOPERATIVE WORKERS""",5,-40.225285,-71.261665
Cerro Chapelco,"The toilets at the confectionery shop at the base of runway 63 a disgrace, super dirty, three locked. It is barbaric that they are in such conditions. We have to take care of those details, people come from outside. It's not a cover letter, it's barbaric.",3,-40.225285,-71.261665
Cerro Chapelco,"Amazing place, but zero maintenance 
 They charge a fortune and don't put a weight on it 
Few means, they're wrong, the power goes out, hours to get you down 
More than half of the bathrooms closed, dirty 
A disaster",3,-40.225285,-71.261665
Cerro Chapelco,The views.. AMAZING!!! The people .WONDERFUL!!! EXCELLENT ATTENTION EVERYWHERE!! GASTRONOMY HAS VERY ACCESSIBLE PRICES!! I WENT WITH MY 7-YEAR-OLD GRANDSON TO CHAPELCO SKIING HILL. SLED WITH DOGS...SNOWTRACK...TO THE GAMES... EXCELLENT TRIP!!!,5,-40.225285,-71.261665
Cerro Chapelco,"I own a Trips agency in Brazil and we have more than 20 years of experience in ski seasons around the world. 

What we've been through this season in Chapelco is absurd, unbelievable. 

In addition to running out of the mountain power a few times during the day and the cable cars being stopped with absurd queues, I saw for the first time skiing cops doing runs. 

Yes, Chapelco has become a place where people steal ski equipment, one of my clients was stolen and had to pay a new ski rental board. 

I will never go back with customers to this ski resort again.",1,-40.225285,-71.261665
Cerro Chapelco,"Excellent ski center, good slopes, good snow and good alternatives to acquire the passes, although the senior rate has a small discount. My only criticism is that the restaurant where the TV cabin arrives is very inappropriate for the beauty of the place. I imagine it's transient.",5,-40.225285,-71.261665
Cerro Chapelco,"It is a pity that such a beautiful place has such poorly maintained facilities, for example toilets in conteiners, restaurant that has long since burned remains unreconstructed.
There's been no investment in improving it. The slopes and scenery really beautiful.",3,-40.225285,-71.261665
Cerro Chapelco,"Second year in this paradise. 
Closed eyes indicate the experience.
Enchanting landscape and wonderful slopes to descend.",5,-40.225285,-71.261665
Cerro Chapelco,Fuimos a esquiar hermoso primera bajada en familia con mi nene de 5 años hasta la base hermoso todo un poco caro comer en la base es más barato! Volvería sin dudas,5,-40.225285,-71.261665
Cerro Chapelco,"The station itself is good... infrastructure ok, nothing exceptional, but the landscape is beautiful. What leaves much to be desired is disorganization and badwill in customer service.",2,-40.225285,-71.261665
Cerro Chapelco,"The hill is beautiful. Very bad experience with Chapelco equipment rental. Poorly educated, expensive, prehistoric equipment, but the worst care, organization in return: none. I recommend renting in the center and there are businesses that take you to the hill and withdraw them there directly. The food on the hill could be a little better.",2,-40.225285,-71.261665
Cerro Chapelco,"Earlier this year, I decided to plan a ski trip to Argentina to take a break from the hot US summer.  I arrived in mid July which is the beginning of mid season.  This review is from the perspective of someone who has skied various resorts both the east and west coasts of the US, and major resorts in Canada.  Chapelco resides about a 30 minute drive from San Martin, which is  a quaint little ski town, filled with nice bars, restaurants, and assortment of ski shops, typical of other ski towns you find in US.  The food and drink prices were very reasonable. The people were very nice.

My first impression of Chapelco was the horrible road leading in the last 5 km of the resort, the road was unimproved and pot hole laden making the driving treacherous at times if you didn't watch the road carefully.  The parking situation is totally inadequate, if you do not arrive early, the parting lot is filled and you have to part down the road side, I saw people hiking close to a KM to walk back to the resort.

The parking lot, like the entry road was unimproved, filled with mud, ice and large potholes in the ground, I was very disappointed that they don't spend money to fix this situation. It gives people a bad first impression. I saw a woman slip and fall in the mud on the way into the ski area and they were totally covered with wet mud, I couldn't imaging trying to ski that way for the day, I am sure it ruined her day.

Regarding the mountain, I thought the layout of the mountain was fine, there was a good distribution of slopes for all ski levels, the initial ride up the hill was a 6 person Gondola that let you to other transfer points to ski the mountain.  One huge issue I had with the lifts was there was no organization, they didn't have lines to safely and efficiently move people through the lines to the lifts, it was one mass congregation of skiers jockeying against each other, often times cutting in front of others, and gliding over over  peoples skis.  A few times I almost got in a fight with people in line because of this.  Why wont management fix this?

On the days I was there we received no new snow, the mountain was poorly groomed, the snow was hard packed and at times impossible to ski on some slopes. You'd think they'd groom the slopes to make it more enjoyable, but they don't.
I'd probably have a differing opinion if there was fresh powder, but the way to judge a resort is by how they maintain the slopes in otherwise less than ideal weather conditions.  In this case I give this resort an ""F"". Too much ice and too much hard packed snow.  If you are from the US, save your money, and go to Europe or Canadian Rockies (Banff) if you want to try fine international skiing.  Fights are cheaper and move convenient, and hotels are roughly the same price. It's difficult to get here and its not really worth the trip, other than to cross it off a bucket list.",1,-40.225285,-71.261665
Cerro Chapelco,"We bought family tickets for July 9, however my son got sick and we could not go. We talked to the store manager to try to change the dates, in San Martin (Mariano Moreno 859), and he just ridiculed us. We understand that a trade is not possible, but to be treated without a deal paying too much is absurd.",1,-40.225285,-71.261665
Cerro Chapelco,"We went in summer and although the place is more enjoyable in winter it is very nice in summer too. It is very well organized. The chairlifts operate and there are extra activities such as mini golf, horseback riding and hiking. The confectionery is also open where you can consume drinks and food. The view is very beautiful. We recommend it.",5,-40.225285,-71.261665
Lago Espejo Grande,"Es un lugar tranquilo y muy bueno para relajarse, la playa es limpia y la rena blanca ayudan mucho. Tiene un clima muy agradable y la gente tambien son muy buenos.",5,-40.685677,-71.695526
Lago Espejo Grande,"Pasamos el día, desde temprano. Cuando llegamos era exactamente eso, un espejo!!! Nos acompañó el clima, hacía calor, así que pese a lo fría del agua, pudimos disfrutar penamente",5,-40.685677,-71.695526
Lago Espejo Grande,"Aguas templadas, con arena, sin piedras. Cuenta con servicio de alquiler de sombrillas y reposeras a un valor de 4000 (una sombrilla y dos reposeras). También se encuentra un parador para comer sándwiches y bebidas. Baños públicos y alquiler de Kayak.  
Tiene amplio estacionamiento sin cargo pero se debe acudir a la mañana tipo 10 porque después se llena. También hay estacionamiento privado con un costo de 500 pesos
Como crítica podría decir que es necesario más baños. 
El buffet no tiene servicio de camarera por lo cual tenes que hacer cola para el pedido y luego ir a buscarlo siendo que los costos son altos. Ningún sándwich baja de 1000 pesos",4,-40.685677,-71.695526
Lago Espejo Grande,"Una hermosa vista, cosas para hacer en familia, tranquilo porque es parque nacional y no se puede poner música, una playa para volver siempre ",5,-40.685677,-71.695526
Lago Espejo Grande,"Llenìsimo de gente y d autos; pero aùn asì conseguimos  lugar y pudimos pasear y recorrer la costa super playera. esa inmensidad absorviendo todo el sol, nos encantò! Ideal para dìa de playa, picnic, merienda. Hay puesto de comidas ràpidas y tragos muy bien organizado, con  sillas y mesita en su sector. Divino e imperdible!",5,-40.685677,-71.695526
Lago Espejo Grande,"Un lago que además de bello es cálido. Cuidado. Y con una playa para nadar y hacer otros deportes como kayak 
Un lugar para pasar el día!",5,-40.685677,-71.695526
Lago Espejo Grande,"Nos encanto , una vista espectacular,  nos toco un día increíble,  pudimos armar nuestro gacebo y pasar un excelente día,  hay un parador muy bueno, cuentan con baño, guardavidas , alquiler de canoas , inmejorable. ",5,-40.685677,-71.695526
Lago Espejo Grande,"Increible lugar el balneario de lago espejo, equipado para disfrutar de un día de playa (lago). Cuenta con estacionamiento, baños, tiendas de comestible, alquiler de kayaks y espacios para acomodarte de la mejor manera. Aguas tranquilas de colores claros y una vista increible ",5,-40.685677,-71.695526
Lago Espejo Grande,"Ideal para descansar , disfrutar un rato de playa, y un parador que ofrece comida y baños, y n paisaje bellisimo.",5,-40.685677,-71.695526
Lago Espejo Grande,"en este lago vas a disfrutar de la inmensidad del paisaje, vas a encontrarte con la naturaleza, vale la pena visitarlo",5,-40.685677,-71.695526
Lago Espejo Grande,"Donde está la casa del guardiaparques al lado de la ruta 40 hay un estacionamiento y acceso a una playa muy linda de este lago, me parece el mejor Iara disfrutar de los 7 que hay en el camino, que sin dudas es espectacular.",5,-40.685677,-71.695526
Lago Espejo Grande,The view was amazing! Stunning cristal water with snowy mountain all around it! It's worth the drive! Beautiful! ,5,-40.685677,-71.695526
Lago Espejo Grande,Bellisima playa de arena sobre un lago de aguas cristalinas para plantas familiar y disfrute. No se lo pierdan. El camino esta perfecto.,5,-40.685677,-71.695526
Lago Espejo Grande,"Playa de arena obscura, alquiler de kayaks, parador, estacionamiento enorme, ideal para ir en familia, muelle, camping, ",5,-40.685677,-71.695526
Lago Espejo Grande,Hoy un día espectacular. El agua del lago una temperatura ideal. Estuvimos desde las 15.30 y hasta las 20 horas. Vale la pena. Da gusto ver cómo la gente cuida los lugares. Ni un papel …,5,-40.685677,-71.695526
Lago Espejo Grande,"Muy lindo! Medio choto el camino de acceso pero el lago es majestuoso
Son todos bastante precidos pero este es muy lindo!",5,-40.685677,-71.695526
Lago Espejo Grande,"Playa mayor parte de arena! Algo de sombra, ideal para pasar un día de verano. Pudimos meternos y disfrutar del lago                       ",5,-40.685677,-71.695526
Lago Espejo Grande,"De las playas más lindas. Lo único si es un día lindo se llena! A la mañana es ideal. Ahí hicimos kayac y fue una muy buena experiencia.
Me encanto!
Tiene estacionamiento.",5,-40.685677,-71.695526
Lago Espejo Grande,"Es lindo, al igual que todos los lagos. Aunque la verdad es que es el único lago que jamás vi espejo... eso que fui como cuatro veces pero no logré verlo de esa manera. La playa es grande.",4,-40.685677,-71.695526
Lago Espejo Grande,"Si el plan es día de playa, lago espejo cumple esa función. Tiene arena en lugar de piedras y el agua más caliente de todas las playas.",5,-40.685677,-71.695526
Circuito Chico,"One of the most beautiful places in the world, for sure.

I have traveled through several European countries and I know North America well, I affirm that the Chico circuit in Bariloche is in my top 3 of the most beautiful places I have ever visited. 

Breathtaking landscapes, unspoiled nature, interesting points, column and etc.

There is no way to be in Bariloche and NOT do the circuit, it is simply mandatory for all visitors. 

Do it calmly and visit all the stops, an unforgettable experience.",5,-41.07356,-71.53466
Circuito Chico,"The landscape on the Chico circuit is wonderful!! How to drive a car without a guide.
We went to the most famous hotel in Bariloche, which is on the Chico circuit",5,-41.07356,-71.53466
Circuito Chico,"A short tour with several beautiful landscapes for photographs. The problem was the large number of tourists in the high season. We couldn't climb the bell clock. More than 2 hours in line. But the rest of the viewers were quieter. If there were fewer people, it would be great. ",3,-41.07356,-71.53466
Circuito Chico,"A wonderful tour.  We used Destino Sul (Bariloche for Brazilians) for this tour.  The Guide took us to Cerro Campanario (callway entrance not included), where we have a beautiful view, then took us to other breathtaking panoramic points, and finally to Hotel Llao Llao.  It's worth it.",5,-41.07356,-71.53466
Circuito Chico,It is a tour to get to know the points of the city with Guide and go to the Cerro Campanario. It's worth hearing the story of Bariloche.,5,-41.07356,-71.53466
Circuito Chico,"Definitely the most beautiful tour in the city of Bariloche.
It has the advantage of being free of charge, paying only the lift to Cerro Campanario. I did the same with a rental car, being able to stop anywhere on the circuit without worrying about time.
There is also the possibility to hire a tour or even Taxis to make the tour.",5,-41.07356,-71.53466
Circuito Chico,People were perfect! Second time and we got snow falling! It was the most perfect experience of life! My children were delighted!,5,-41.07356,-71.53466
Circuito Chico,"What to say about this Circuit... We did it on our second day in Bariloche; on the first day we left to go to the market and settle in the city. We rented a car and started our tour at 10:00, ended at 14:00 climbing at Cerro Campanário (best decision), and at 15:00 we had lunch at the Gilbert Beer Shop. 

By car, you have greater flexibility to stop where you find it interesting, without that lot of people buses and van.  ⁇  The roads are good, people drive quietly 😅, and there is plenty of police. I felt safe here, but, of course, always be careful. And do not leave anything of value inside the car to avoid possible headaches. 

Some points were closed, such as the Hidden Lagoon and the Trail of the Arrayanes. In the Hidden Lagoon, we ended up meeting a friendly Argentine fox; I think I was waiting for food from the tourists. 

From the landscapes, we loved Playa Sin Viento/Playa Moreno (we just stayed on the bridge to take pictures, the wind was very cold), the Panoramic Point is the most beautiful of all (hear the noise of the mountains, it is magical), and finally, the Puerto Pañuelo. Behind it, there is a platform for walking; if it is closed, go down the ground road.",5,-41.07356,-71.53466
Circuito Chico,"The tour is wonderful speaking in landscape. Bariloche is a wonderful place, but not worth making a tour! We went in the van of an agency and everyone stops in the same places, so it gets very tumultuous, the photos always come out someone, a fight for the best place. I suggest taking a UBER (there the app works normally) and close the tour pq is a route (small). To catch more places and escape the crowd.",3,-41.07356,-71.53466
Circuito Chico,"Beautiful place. Beautiful passages. We did it of our own free will. We stopped everywhere the cuty tour does. We paid a lot less, as we rented a cart, traveled the entire route and stayed as long as it took to enjoy all the places. If you choose to rent a car, it is good to know the places to visit beforehand. It was wonderful. ",4,-41.07356,-71.53466
Cascadas Nivinco,"It's a beautiful place. If it’s hot you can cool off in the falls of the waterfalls. To get there you walk about 2 km along a forest trail. A couple of streams cross, so it is recommended to wear eyelets or amphibious shoes.",4,-40.487812,-71.663414
Cascadas Nivinco,"- is a very simple trekking, you can go with young children.
- go well early if you want to enjoy it without people; by noon it starts to fill up.  
- is ideal to stay for a long time (have a small picnic or have a few mattes)
- ideal to wear water shoes for crossing streams.",5,-40.487812,-71.663414
Cascadas Nivinco,"Sir, if you mind collaborating with whoever cleans that forest and has three rescues inside cascade, you get fuel in the middle of nowhere, wires to run battery other cars and whoever has recovered people's gum parts by managing to grab three thieves and put them in jail not fence. Also remember that I am from 9 in the morning in the mountain town below the sun. If you think of coming at any time and leaving at 6:00 p.m., chances are that after explaining the route to 200 people lead the trancicito and clear the forest alone, chances are that it is not there. To talk you have to know all the sacrifice you left in that place. All the residents of Patagonia know it and thank me. That's everyone's house and the only one cleaning it is me, my life rescues are public, also the return of backpacks with money or cameras. Tourists. I'm a blacksmith and I love and care for that married woman.  And I give you back the collaboration with a chain of favors I invented. I spoke with several restaurant es and lodgings to make the 15th discount to people and return their money. If you criticize that it must be very miserable. In any case it's his house that's the forest when he comes to clean it up. I give him the vest and all the people's collaboration. I'm a blacksmith. I take care of the cleaning, which does not miss traffic accidents and rescued many people and finally I would not let them steal you. 
I'm there to do good. The entities of the state know that they are very grateful to me for changing a place that was a no man’s land and people suffered a lot. National park, national road and gendarmerie have seen my work for 3 years. 4 hours of travel daily and 8 in the raw mountain. Don't knock by ear and ask the state what I do before I go or when you go out and see them 
Finally. No dog no drones no trash please. I'm alone and I can't just whoever wants to help me come and travel with me every day. Good afternoon",5,-40.487812,-71.663414
Cascadas Nivinco,"Really enjoyed the walk, super easy and the waterfall was beautiful. The thing that makes it a 3 star review is a parking man who scammed us, forcing us to pay 10,000 just to leave our car there, it made us upset for the duration of the walk and afterwards (especially when he wasn’t there on our return) 

Make sure if you go to fully avoid paying this man. He wasn’t able to present any ID to us",3,-40.487812,-71.663414
Cascadas Nivinco,"I was there on June 30th collecting garbage in the forest, which is a lot. I still have a long way to go, it's been a long time since I've been through so much garbage. The positive thing is that I am missing less and less. Please do not litter. Please",5,-40.487812,-71.663414
Cascadas Nivinco,"An extremely simple trail, and the waterfalls are full of people so you can not usually appreciate them as they deserve. I recommend going out of season",3,-40.487812,-71.663414
Cascadas Nivinco,"The walk to the waterfall has little difficulty, but you have to wear slippers that do not slip. A river crosses, so it is better to carry eyelets in your backpack as barefoot is more difficult, and then put on your shoes again. The water is freezing 
Less than 1 hour out and one hour back. There is a beach if you want to spend time in the sun or have mate. 
No bathroom
Carry a bag to put the trash and take it (do not leave papers lying)
The waterfall is shocking, you see it up close 
Must-see and worth the hike",5,-40.487812,-71.663414
Cascadas Nivinco,Excellent. Pure nature. Fresh air. I recommend crossing the river with Crocs or water shoes to walk on stones. It is shorter and safer than the last part of the trail which is very slippery.,5,-40.487812,-71.663414
Cascadas Nivinco,"Nice experience! You have to walk along a path, about 30/40 min. and upon arrival you can enjoy a beautiful view and water pools to cool off.",5,-40.487812,-71.663414
Cascadas Nivinco,"The trail is easy to walk, I went with my 6 year old son and he was able to do it well. It takes about 2 hours round trip. The view of the waterfall makes up for the walking time. I recommend wearing shoes that allow you to cross the water that you find on the way. You cannot go with pets.",5,-40.487812,-71.663414
Cascadas Nivinco,"Beautiful waterfall. We couldn't give less than 4 stars to such natural beauty of our country. A beauty. As always, very sorry for the people. They left waste. We left the mate resting on a stone for a moment and it was stolen, nothing new, but a sad reality. They warned us that cars are stolen in the entrance parking lot, luckily it didn't happen to us but I warned them not to leave things visible. In short, beautiful place, a shame about the people and the attitude towards such a landscape",4,-40.487812,-71.663414
Cascadas Nivinco,"The beautiful landscape, the well-marked trail, the only thing is the very careless and filthy people leaving toilet papers and their feces lying around when they relieve themselves near the trails, the beautiful landscape",4,-40.487812,-71.663414
Cascadas Nivinco,"Hello everyone . Please know that we cannot bring animals to Cascade Nivinco.
 Help me, I'll wait for you at the waterfall, which is wonderful.
        Emanuel Schembari

P.S. Help me, I will help you when you go🙂🙂✌🏻",5,-40.487812,-71.663414
Cascadas Nivinco,"We leave along the route of the 7 lakes to the entrance to the waterfall trail. It is a very calm route of low difficulty.
You have to cross the river twice, but when we went it was low flow.
It's a beautiful sight. Very nice experience.",5,-40.487812,-71.663414
Cascadas Nivinco,"Excellent ride! Perhaps the best of the 7 lakes route. Easy one-hour trek. You have to cross a flat stream that forces you to take off your shoes. There are people constantly. (I went during high season)
The route has no more interest than that crossing of the stream that occurs at the very beginning. The waterfall appears suddenly and is an extraordinary experience. The spectacle of the water falling is incredible. A natural pool is formed in which anyone who dares to get into really cold water can do so. We took a light lunch and enjoyed it watching the curtain of water and listening to the music generated by its fall.
It was spectacular, in fact, unmissable!!",5,-40.487812,-71.663414
Cascadas Nivinco,"Hermoso!!!! 
El sendero está bien marcado. Hay una parte que podes llegar a necesitar crocs si no hay Troncos para cruzar por encima del arroyo que se forma… 
Muy lindo pero bastante concurrido ! Cuesta sacar fotos sin gente detrás … pero vale la pena ! Muy recomendado. 
Caminata con baja dificultad y rápida .. de una hora 40 minutos",4,-40.487812,-71.663414
Cascadas Nivinco,"Hermoso lugar! Volvería a ir, muy fácil acceso, recomiendo llevar otro calzado para meter al agua y agua para beber. Si se animan lleven el equipo de mate, un lugar para quedarse un rato a descansar con el ruido del agua de fondo.",5,-40.487812,-71.663414
Cascadas Nivinco,"Muy lindas cascadas!
El camino es de dificultad baja, no hay subidas ni bajadas bruscas. Lo único, es recomendable llevar calzado que se pueda mojar porque hay que cruzar por el agua dos veces. Si es posible, llegar temprano porque es bastante concurrido.",5,-40.487812,-71.663414
Cascadas Nivinco,"Vale la pena detenerse , en el paseo de los 7 lagos , o bien, ir a visitarla . 
Es un camino de 1 hora aprox hasta llegar a la cascada , que se transita fácil , y el recorrido es ameno . Fuimos en verano, clima agradable .
No hay paradores , baños , ni nada para comer",5,-40.487812,-71.663414
Cascadas Nivinco,La caminata es de unos 40 a 50 min aprox. Es un paseo muy bonito y cuando se llega a la cascada el paisaje es precioso. Estaría bueno que cuenten con servicio de baños para las personas mayores o pequeños ya que el camino de ida y vuelta no es corto. Hacen una muy buena campaña para cuidar lo que es el parque y que la gente no contamine ni tire sus desechos en la naturaleza.,4,-40.487812,-71.663414
Lago Correntoso,"Lugar espectacular, se accede desde ruta 40 sentido V. Angostura,   sale un camino de ripio que bordea rio correntoso y sale al lago. Fuimos en enero/22 y estaba lleno de gente. El color del agua se asemejaba al caribe y a pesar de ser fria, habia mucha gente en el agua.",5,-40.739456,-71.6691
Lago Correntoso,"Es otro de los paraísos imperdibles!!! cada uno de los 7 lagos son disfrutables, cada uno con su encanto....",5,-40.739456,-71.6691
Lago Correntoso,"Me sorprendió el color del agua y su temperatura agradable como para meterse y nadar !
La playa es de ceniza volcánica ... lo cual te permite caminar  como si fuera arena , sin lastimar tus pies , ni siquiera adentro del agua
Espectacular !!! aun con 21 grados y con sol , nos metimos al agua.  Sin exagerar, nos pareció cálida , acostumbrada a otros lagos patagónicos 
Ya lo conocíamos cuando hacía poco había ocurrido la erupción del Puyehue 
Recomendable !!!!!

",5,-40.739456,-71.6691
Lago Correntoso,"El paisaje es hermoso, un dia soleado el color es increible. La playa es amplia y con piedras chicas. El sector para estacionar es práctico. Se puede hacer diferentes deportes. Da para repetir el lugar.",5,-40.739456,-71.6691
Lago Correntoso,"Es hermosa la playa del lago, perfecto para pasar el día ahí. 
Está cerca del centro de la villa y está perfecto para disfrutar del agua que es cálida.",5,-40.739456,-71.6691
Lago Correntoso,"Llegamos por sendero desde el Lago Espejo, cruzando la ruta, todo muy bien señalizado. Tiene varios accesos y playitas. Està bàrbaro! La màs utilizable, segùn mi opiniòn, es la de al lado del rìo Correntoso ; entre el rìo y un camping. Ojo,  sin instalaciones de servicios ni sanitarios.",5,-40.739456,-71.6691
Lago Correntoso,Un lugar bellísimo. Muchos colores inundan la vista. El agua es un poco más cálida que en otros lagos. Hay un camping y pequeño kiosco. Tienen guardavidas. Es un lugar imperdible. Pura belleza. Los fines de semana está muy pero muy concurrido.,5,-40.739456,-71.6691
Lago Correntoso,"De alguna manera te sientes como en el Caribe. El agua cristalina con colores increibles, agua tranquila y en verano de temperatura agradable. Un barquito que pone toda la onda para sacar la mejor postal. Se puede alquilar kayaks ",5,-40.739456,-71.6691
Lago Correntoso,Siempre es un visita obligada. Faltara poco para que empiecen a agregar todo tipo de actividades. Por ahora se puede disfrutar de una vista semi salvaje. Espero que no lo invadan.,5,-40.739456,-71.6691
Lago Correntoso,"es un lugar para recorrer a la orilla y caminarlo, te encontras con alquiler de kayaks y con gente amable",5,-40.739456,-71.6691
Lago Correntoso,"fuimos en familia de pasada haciendo el camino de los 7 lagos , quedamos enamorados , nos gustaria conocerlo en verano , sus aguas son cristalinas y cambian de colores segun el fondo , imperdible",5,-40.739456,-71.6691
Lago Correntoso,"Hermosa en otoña ni me quiero imaginar en primavera/verano!!! Se llega saliendo de la ruta por caminos de tierra en bajada....con gmaps se llega sin ningun problema. Agua tranquila, tornada a verde claro....montañas de fondo. Muy linda postal. Bordeando la ""costanera"" se llega a un puente peatonal de madera....y siguiendo se pasa por debajo de la ruta 40 para llegar a la desembocadura del lago correntoso (convertida en rio correntoso de sólo 500mts) sobre el lago Nahuel Huapi con vistas estupendas.
Linda tarde para matear en familia y comer pasando el dia entero si se quiere. 
P.D. el lago correntoso se une al lago Nahuel Huapi a través del rio más corto del mundo.....rio correntoso, aparentemente playo porque se ven piedras y el agua es clara además, de sólo 500mts aproximadamente",4,-40.739456,-71.6691
Lago Correntoso,"El lago es espectacular. Lástima que por la cercanía suele convertirse en la ""Playa Bristol"" de Villa la Angostura. Con mucha gente no paga lo mismo... conviene ir bien temprano y aprovechar que por la mañana hay mucho sol (no tanto por la tarde, que se enconde detrás de la montaña).",5,-40.739456,-71.6691
Lago Correntoso,"Un lugar magnífico. Te invita a relajarte con unos ricos mates . Solo observar el esplendor del lago . Aguas cristalinas y templadas . Nos pudimos dar un chapuzón . Hay un barcito donde tenés agua caliente , gaseosas y las imperdibles tortas fritas . Un lugar para poner pausa ",5,-40.739456,-71.6691
Lago Correntoso,Las playas son muy bonitas y el agua bastante templada. Es ideal para hacer kayak o caminar y nadar. ,4,-40.739456,-71.6691
Lago Correntoso,"El lago Correntoso es muy lindo. Ahí puedes encontrar el río más corto del mundo… según me dijeron. Es imponente 
",5,-40.739456,-71.6691
Lago Correntoso,"Muy pintoresco, buen acceso y una vista maravillosa. Para visitarlo cada vez que se pueda. La única contra es que hay mucha gente",4,-40.739456,-71.6691
Lago Correntoso,"Es de los mejores lagos que hay en la zona. Muy lindo, hermosa vista y color del agua. En comparación a otros, el agua no es tan fría.",5,-40.739456,-71.6691
Lago Correntoso,"A quelques minutes (en voiture) du centre de Villa La Angostura, vous pouvez découvrir un lieu magnifique et ce en étant presque seuls . Un vrai bonheur .

Faites attention , l'accès n'est pas très facile . En direction de San Martin de Los Andes , vous devrez traverser la route pour prendre à gauche un petit sentier en direction du lago Correntoso . 
Et là, vous arriverez à cette merveilleuse plage qui borde le lac Correntoso .",4,-40.739456,-71.6691
Lago Correntoso,Al igual que el Lago Espejo está cerca de la ruta 40 y tiene sus orillas cubiertas de un hermoso bosque.,5,-40.739456,-71.6691
Cerro Chapelco,"Good alternative to change the pace of activities with kids in the summer. On this occasion we visited the huskies (excellent, exceeded our expectations) + slide + trampolines for the kids. The truth is that Chapelco is very beautiful, and the fact that there are practically no people makes it a super enjoyable activity.

It's not 5/5 because the prices are a little expensive vs. other activities in the area (unlike 2023 where they were more competitive).",4,-40.225285,-71.261665
Cerro Chapelco,"Beautiful wherever you look at it. The landscapes are incredible, the people are very attentive and each place we visit is a place we want to return to. What I would criticize are the access roads to the lakes. Very bad, very difficult to get to.",5,-40.225285,-71.261665
Cerro Chapelco,"We took an excursion to see this hill. We don't ski but we wanted to get to know it, especially because it was snowing the days we went to San Martín de los Andes and we knew there was a lot of snow on the hill. Once there we went up the gondola to the point where they let visitors who are not going to ski go up. The chairlifts are for skiers. The landscape of the hill and the snow-covered trees is beautiful. Many people stay at the base since there was also a lot of snow there and you could do culiskating. Up above we looked at the people who were skiing and the kids who were taking ski lessons. The up and down ticket cost us $7000 per person in September 2023 (cost for people aged 60 to 69). It is expensive but much cheaper than Cerro Catedral which we did not go up and we stayed walking around the town when we went.
We loved this walk, although clearly the charm of the place is given by the snow. It is not a walk to do at any time of the year.
",5,-40.225285,-71.261665
Cerro Chapelco,"Excellent forest place for skiing. Special for beginners due to its relatively few people compared to other nearby destinations.

The local gastronomy is exceptional.",5,-40.225285,-71.261665
Cerro Chapelco,"I went to the hill several times to ski, the administration and organization is getting worse every time, the hill is beautiful and I appreciate the ski schools and the teachers, at all levels the truth is they are incredible. The inn at the base of the hill is a DISASTER, they serve very poorly, they charge expensive, the food is average and this year they also reserved places for graduates... not at all recommended. This year at the 1700 level they put up a larger tent, which was still not enough to attend all the attendees and even less so the children who all have to eat at the same time, especially taking into account the reserve of graduates at the base. I went the week of August 14 to 21. They should reconsider the concessions if they want to maintain the flow of tourists.",3,-40.225285,-71.261665
Cerro Chapelco,"Excellent and Lalo Profe de Snow is incredible, the hill with multiple options, good food, good slopes, the means in perfect condition",5,-40.225285,-71.261665
Cerro Chapelco,"The ski school is excellent, this is the
Third year taking group classes. A special thank you to Elvio, his dedication was excellent, we were approximately 10 students per class and he took the time to
Time with each one to teach us and correct us.
The bathrooms from 1600 and up were incredible.
All the attention of all the staff is always super attentive and good-natured.
The only thing that needs to be improved is the organization of equipment deliveries at the base and in the restaurants at lunch time, it takes a long time and it seems to me that there are few or poorly distributed personnel.",4,-40.225285,-71.261665
Cerro Chapelco,"The lifting device is very good. In winter you can ski and snowboard. For those of us who do not practice either sport, we can only go up the first lift, the rest is reserved only for people with equipment, a shame we miss out on panoramic views. But you can also go snowshoeing and ride snowmobiles and other means of transportation.",3,-40.225285,-71.261665
Cerro Chapelco,"We went today as a family, it snowed a lot and we had a great time, but we were surprised by how precarious the facilities were. The shelters are scarce, overcrowded, very expensive, with low quality and, above all, dirty. The service personnel, except for instructors, are non-existent, there is no personnel to indicate, to order, for example, in lifting equipment, which makes it, in turn, even dangerous.",2,-40.225285,-71.261665
Cerro Chapelco,"Excellent infrastructure, good equipment for rent and patient teachers.
My tip is: pay for a ski or snowboard lesson before going up and if you need to rent clothes that are available there, just rent a helmet and goggles. Bring your own thermal and waterproof clothing, especially gloves.
The main restaurant serves all types of food, but it's too big and they can't handle the service with quality and agility.
Choose smaller restaurants that you will be able to accommodate better and enjoy.
It's really worth completing the tour with motorcycle skiing.
Prices are high, like any ski resort.",5,-40.225285,-71.261665
Cerro Chapelco,"Malos medios de elevación , se rompen todo el tiempo, son viejos y pocos.
Para llegar a la cima vas por un poma eterno!!! Falta personal en los medios, nunca vi bajar tanta gente en camilla.

",2,-40.225285,-71.261665
Cerro Chapelco,"No están preparados para tanta gente.  Pocos medios, colas de una hora para la telecabina.  El pase peatonal una estafa. Te lleva solo en la telecabina a 1600 (no podes usar otros medio) y en 1600 el restaurante que figura en el mapa actual de pistas se incendio hace cuatro años.  En su lugar hay una carpa blanca, sin ventilación, ni luz, con olor a comida y encerrado.  No sólo que en cuatro años no reconstruyeron el restaurant, sino que no actualizaron el mapa.  ",1,-40.225285,-71.261665
Cerro Chapelco,"UNA VERGÜENZA, el estacionamiento, los medios son pocos y mal organizados, hoy hubieron demoras de 4 hs para salir de la base. El camino es para ir solo con buen tiempo, en la base 1600 no hay servicios, los baños no dan abasto. No vuelvo nunca más ni gratis (que no es)",1,-40.225285,-71.261665
Cerro Chapelco,"Muito legal. Quem vai com criança pode alugar trenó de esqui bunda e não precisa subir. Na plataforma de meio da para fazer passeio com Morumbi e passeio andando com raquetes, são bem legais. Tem mais as opções de trenó com cachorros (particularmente não gosto) e caminhazinho de neve (snow truck). O lugar é bem organizado, tem aulas em grupo e particulares. O restaurante de baixo e bem caro, era o único aberto quando fui.",5,-40.225285,-71.261665
Cerro Chapelco,"Tenía mis vacaciones en SMA y pases dos días para el cerro. Una semana previa a la apertura de la temporada avisaron que por condiciones climáticas se reprogramaba. 
Fui con una agencia a conocer el lugar, la guía llevo un culipatin con el que pudimos jugar una hora con la nieve que había (no suficiente para ski) y luego tomar chocolate caliente. 
El lugar se veía abandonado, camino muy descuidado",4,-40.225285,-71.261665
Cerro Chapelco,"Excelente la visita a los perros de trineos!
Muy bueno el tobogán 
El bar es caro y no es muy bueno 
Las tele cabinas son caras y están descuidadas y sucias",4,-40.225285,-71.261665
Cerro Chapelco,"excelente todo, increibles pistas, bosques, actividades y la mejor atencion de todo el equipo.

para regresar siempre",5,-40.225285,-71.261665
Cerro Chapelco,"Teniamos algo de dudas dado que los ""reviews"" de Chapelco en verano no eran buenos. Sin embargo nuestra experiencia fue excelente.

Hay muchas actividades para realizar (flia de 4 con chicos de 8/6). Y precios, que si bien no son baratos, son muy competitivos vs. otras actividades en la zona. En nuestro caso hicimos cabalgata x3, mountain bike x1 (c/guia), tobogan x4 +aerosillas/telecabinas por el mismo precio que nos salia a los 4 el cruce a Quila Quina en barco!

La cabalgata al ser de montana es mucho mas linda que otras de la zona (en los lagos) y ofrece vistas espectaculares. Y la bajada de mountain bike, un lujo (aunque desafiante). Excelente trabajo de Franco (el guia de MTB) - muy recomendable!

En resumen, una gran alternativa para el verano. Con el agregado de que hay poca gente dada la competencia de los lagos.",5,-40.225285,-71.261665
Cerro Chapelco,No está preparado para recibir a la cantidad de gente que fue. Los autos frenaban donde querían. No había nadie que los organizara. Hubo caos vehicular. El lugar es hermoso pero está muy mal explotado.,1,-40.225285,-71.261665
Cerro Chapelco,"El cerro Chapelco es siempre un paseo imperdible, en cualquier epoca del año. Para tomar y comer algo, el mejor lugar es Wenvy Refugio. también venden lindas artesanias",5,-40.225285,-71.261665
Paseo Costanera Junin de los Andes,"Muy lindo paseo, no solo para conocerlo sino para pasar un rato de descanso disfrutando de un paisaje sumamente bello. Nosotros disfrutamos de unos ricos mates con tortas fritas y largas charlas comentando sobre la tranquilidad del lugar, y lo bien que hace al ""descanso mental""...",4,-39.937,-71.06571
Paseo Costanera Junin de los Andes,"Un lugar especial en medio del espacio urbano de Junín de los Andes.Un paseo para caminar, para compartir con familia y amigos .",5,-39.937,-71.06571
Paseo Costanera Junin de los Andes,"Hermoso paseo en Junín de los Andes, con el Río Chimehuín como epicentro. Contacto directo con la Naturaleza.",4,-39.937,-71.06571
Paseo Costanera Junin de los Andes,"Muy linda Costanera, ideal para pasar una tarde el borde del arroyo. Faltaría más cuidados en cuanto a la basura. Más conciencia en los visitantes.",4,-39.937,-71.06571
Paseo Costanera Junin de los Andes,muy lindo su tranquilidad y placentero el paseo por la costanera del rio chimehuin caminando por la orilla y viendo las pequeñas truchas serca de la orilla  muy bueno y recomendable,3,-39.937,-71.06571
Paseo Costanera Junin de los Andes,"Ideal para pasear en un día soleado como nos tocó a nosotros. La parte de costanera ahora es peatonal.  Está bien cuidada. Los paisajes con su puente y el rió cristalino invitan a disfrutar en sus orillas. Si vuelvo a Junín, seguramente vuelva a pasear por allí.",5,-39.937,-71.06571
Paseo Costanera Junin de los Andes,"Mais uma das belezas de Junin. Lugar lindo, tranquilo com natureza exuberante. Um  passeio com o mate é imprescindível!",5,-39.937,-71.06571
Paseo Costanera Junin de los Andes,"1ra. Edición en la Costanera. Atracciones varias junto al rio.
Comidas. Artesanias. Musica. Danzas Circulares.",5,-39.937,-71.06571
Paseo Costanera Junin de los Andes,"Junin de los Andes es un pueblito donde no pasa mucho, algo de turismo religioso y no mucho más. Pero ultimamente han puesto bastante esmero en renovar el lugar para el turismo con construcciones mas nuevas como avenidas, un paseo peatonal, parquización en  varios puntos, estaciones de servicio nuevas con minishops mas modernos, y el paseo sobre la costa del Río Chimehuín, un lugar muy lindo, bien pensado para aprovechar la costa del río como recurso turístico. Es un buen lugar donde resguardarse del calor en verano, almorzar, tomar unos mates por la tarde o simplemente relajarse si andas recorriendo el Parque nacional Lanin o el Tromen.",4,-39.937,-71.06571
Paseo Costanera Junin de los Andes,"Desde este paseo costanero se puede bordear el río Chimehuin, caudaloso, bravío y transparente! También cruzarlo a través de un pintoresco puentecito e incluso descansar oyéndolo, sentado en los bancos costaneros. Una joyita de Junín de los Andes.",4,-39.937,-71.06571
Paseo Costanera Junin de los Andes,Buen lugar para caminar y pasar momentos con amigos y familia. Linda zona para picnics y salir a tomar mates.,4,-39.937,-71.06571
Paseo Costanera Junin de los Andes,"Si estas por la zona no podes dejar de dedicar un rato a recorrer placidamente la Costanera de la ciudad que esta bordeando el Chimehuin, tomar fotos desde su puente y hasta tomarte unos mates a la vera de ese bello rio que en esta epoca viene con mucha fuerza y abundante agua...",4,-39.937,-71.06571
Paseo Costanera Junin de los Andes,El Rio Chimehuin es de una gran  belleza y este paseo por su orilla es muy agradable. Vale la pena hacerlo. ,4,-39.937,-71.06571
Paseo Costanera Junin de los Andes,"Un rio con todas las caracteristicas de cordillerano.
Agua limpias, cristalinas, potable.
Temperaturas agradables en primavera.
Para visitar y conocer.",4,-39.937,-71.06571
Paseo Costanera Junin de los Andes,"Son 5 cuadras de un proyecto mas amplio que busca potenciar este atractivo tan especial para Junin de los Andes. 

Una tarde soleada como la de hoy, 10 de julio, invito a los juninenses a acercarse a disfrutar de unos mates y juegos al aire libre.

La ""Avenida de los Pescadores"" rinde homenaje en su nombre a los pioneros locales y visitantes que pusieron a este genuino pueblo cordillerano en el mapa de los hitos de la pesca con mosca, como cuna de la actividad en el pais. 

Limpio y poco intervenido, este sector de 500 mts de costa es muy ameno y se ha convertido en espacio de esparcimiento para lugareños y visitantes. ",4,-39.937,-71.06571
Paseo Costanera Junin de los Andes,"hermoso lugar para caminar en la rivera del rió, tomar fotografías, y me parece que se puede pescar, no estoy seguro pero hay una placa dedicada a los pescadores",4,-39.937,-71.06571
Paseo Costanera Junin de los Andes,Lugar maravilloso y paradisiaco para disfrutar y pasar el dia excelente atraccion rodeado de montañas y grandes paisajes,5,-39.937,-71.06571
Paseo Costanera Junin de los Andes,"Si tenés suerte, caminando por ahí en otoño podés juntar hongos comestibles, y recibir la visita de bandurrias bayas",5,-39.937,-71.06571
Paseo Costanera Junin de los Andes,"Una opción de paseo muy bonita a unos pasos del centro del pueblo de Junín de los Andes, con bellos paisajes y un meandroso río Chimehuin que invita al descanso y relax...",5,-39.937,-71.06571
Paseo Costanera Junin de los Andes,Es una costanera o paseo relativamente nuevo. Bordea el muy lindo río Chimehuin. No muy lejos del centro de Junín de Los Andes.,4,-39.937,-71.06571
Lago Espejo Grande,"La playa del lago espejo grande es hermosa por donde la mires, arena, agua turqueza, poca profundidad en la costa lo que permite que los niños jueguen sin riesgo, arroyo que bordea la playa, bosque, muelle, parador con opciones gastronomicas, estacionamiento.
Si tengo que buscar un punto negativo no lo encuentro, creo que la playa de este lago es la mejor de Villa la Angostura y alrededores.",5,-40.685677,-71.695526
Lago Espejo Grande,Recorrer el camino de los Siete Lagos y detenerse en el Lago Espejo es obligatorio para disfrutar sus azules aguas y las orillas boscosas.,4,-40.685677,-71.695526
Lago Espejo Grande,"Saliendo de Villa la Angostura es el primer lago que encontramos. Como en la mayoría que iremos viendo en nuestro recorrido hasta San Martín de Los Andes, un cartel nos aclara dudas. Las vistas desde el mirador, espectaculares.",4,-40.685677,-71.695526
Lago Espejo Grande,"No sólo los paisajes acompañan el paseo, sino también la atención que brindan los lugareños siempre dispuestos a atender al turista. Almorzamos allí, y disfrutamos de una tortas fritas geniales!! ",4,-40.685677,-71.695526
Lago Espejo Grande,"Como todos, a cual más bello, su inmensidad es un recreo a la vista, adornado también por algunas aves disfrutando del lugar.",4,-40.685677,-71.695526
Lago Espejo Grande,"los lagos son un regalo de la naturaleza ,enmarcados por las montañas y bosques del Parque Nacional Nahuel Huapi ",5,-40.685677,-71.695526
Lago Espejo Grande,Paisagem incrível justifica o nome do lago. Fica relativamente próximo a Angostura e vale o passeio.,4,-40.685677,-71.695526
Lago Espejo Grande,"Es muy lindo para ir a tomar mate o para pasar el día con la familia. Hay lugar para estacionar el auto y hasta comprar algo para comer, nosotros fuimos a tomar mate y es muy relajante escuchar la rompiente de las olas en la costa",3,-40.685677,-71.695526
Lago Espejo Grande,No se lo pierdan. Vayan a la playa con mate y algo rico. Simplemente ir y disfrutar el paisaje. Relax sin pagar un centavo. ,5,-40.685677,-71.695526
Lago Espejo Grande,"A lago espejo grande podes acceder por ruta !! Nosotros llevamos lancha y estuvimos navegando por todos sus brazos , realmente es un espejo gigante !!, donde se reflejan las montañas , soñado !
El color del agua cambia según su profundidad entre verdes y azul profundo!
Nos bajamos en varias de sus bahías , a tomar sol y comer algo !! 
No Te lo podes perder ! Es realmente paradisiaco !!!",5,-40.685677,-71.695526
Cascadas Nivinco,"Es hermoso para pasar la tarde o el dia, hay muy poca sombra cuando llegas a la cascada, recomiendo llevar gorro, zapatillas y ojotas xq cruzas charcos de agua. Llevar agua y algo para comer y disfrutar.
En enero de 2023 había una señora a la entrada vendiendo tortas fritas, que estaban buenísimas. 
Hay un señor que cuida los autos. 
Hay alguna parte con escalones del camino pero no representa mayor dificultad.
Super recomendable.",5,-40.487812,-71.663414
Cascadas Nivinco,"Imperdible caminata. Dificultad media, son 2,5 km de ida para llegar a un lugar espectacular y conectarse con la naturaleza. Vale el esfuerzo 100%",5,-40.487812,-71.663414
Cascadas Nivinco,"Hermoso sendero, muy fácil de hacer. Las cascadas son una belleza. Mientras más temprano mejor para evitar tantas personas.",5,-40.487812,-71.663414
Cascadas Nivinco,"Hermoso sendero y vista a la cascada, ideal para toda la familia 🥰 hay q llevar un calzado extra para cruzar el río (apenas llega al tobillo el agua) pero no hay forma de evitarlo si o si hay q mojarse los pies.",5,-40.487812,-71.663414
Cascadas Nivinco,"Una excursion obligada si uno esta en San MArtin o Villa La Angostura, incluso para ir desde BAriloche. Una de las cascadas mas impresionantes que vi, y que se pueden vivir a excasos metros sintiendo toda la fuerza de la caida de agua.
Ubicada entre San Martin y Villa La Angostura (mas cerca de esta ultima) se accede a traves de una caminata de aproximadamente 45 minutos con dificltudad baja/media debido a que hay que cruzar un rio , que dependiendo del caudal que tenga el agua puede llegar a los tobillos o a los muslos (dependiendo tambien de la altura), y es agua fria. El rio no seran mas de 10 metros de ancho, y hacen la llegada a la cascada mas impresionante todavia.
Una vez atravesado el rio, eel camino es facil, muy bien señalizado con unas pocas subidas y no muy altas, se puede hacer con niños perfectamente.
Y la llegada a la cascada es impresionate, para qeudarse contemplandola a escasos metros, mientras el agua va salpicandonos de su bravura.
hay una playita tambien a un costado donde es ideal para hacerse un picnic o tomarse unos mates, a escasos metros de la casacada.
No dejen de conocerla !!",5,-40.487812,-71.663414
Cascadas Nivinco,"Importante notar que é preciso atravessar um riozinho, então, há que se levar toalha para enxugar os pés. Um chinelo ajuda também, já que o fundo é todo de pedrinhas que machucam os pés. Mas, a trilha é muito gostosa e a cachoeira ao final mais do que recompensa!",5,-40.487812,-71.663414
Cascadas Nivinco,De lo mejor que hicimos. El sendero es súper fácil de transitar. Recomiendo llevar calzado apto para agua o té lo sacas cruzas y te lo volves a poner. Hermoso lugar para sacar fotos y pasar la tarde. Toda la familia disfrutará este lugar.,5,-40.487812,-71.663414
Cascadas Nivinco,"Vale la pena caminar el sendero hasta encontrar este bello lugar. Recordar llevar otro calzado ya que hay que cruzar por el agua en varias oportunidades. Muy concurrida en Febrero, no obstante en un punto es mejor ya que lugareños nos advirtieron que no fuéramos solas en horarios no concurridos ya que se registran robos.
Dado que no hay baños y el trayecto es largo, las personas recurren a los arbustos divisandose muchos papeles higiénicos. Deberían limpiarse algunos lugares y que hubiese algún personal de seguridad para evitar los robos.
No obstante eso, las cascadas son muy bellas, un lugar que no hay que dejar de visitar",4,-40.487812,-71.663414
Cascadas Nivinco,"Hay que caminar por un sendero de facil acceso, pasar por dos ríos dónde hay que cruzar a pie, por lo que recomiendo llevar zapatillas de agua, y luego de 35 minutos se van a deslumbrar con una hermosa cascada, y un pozon de agua helada. Vale la pena hacer el Paseo se los recomiendo totalmente. Fui con mi familia en enero y a pesar del agua helada me metí en el pozón. Les dejo foto y no se lo pierdan!!!!",5,-40.487812,-71.663414
Cascadas Nivinco,"Es uno de  los senderos más lindos y accesibles, se puede hacer en familia, lo único que hay que llevar algún calzado demás ya que al pcipio hay que pasar un pequeño arroyito que llega a la altura de las rodillas o menos. La caminata será de media hora hasta la cascada. El sendero es hermoso y con flora variada. Cuando se llega hay una cascada y un arroyo con una playita como para tomar unos mates o comer alguna cosita.",5,-40.487812,-71.663414
Cascadas Nivinco,Llegar a la cascada Ñivinco vale la pena. Nosotros fuimos comenzando el otoño así que fue muy fácil hacer el recorrido a pie. Toma aproximadamente 45 min la ida.  El paisaje es lindisimo al llegar y el agua helada. Para algunas personas puede ser recomendable usar un bastón o palito para cruzar el arroyo.,5,-40.487812,-71.663414
Cascadas Nivinco,"Buena opción para realizar sendero de 45 min a 1 hs de ida y otro tiempo igual de vuelta. Prestar atención a los carteles para escoger la dirección correcta. Es la segunda vez q vengo, en una ocasión, me equivoque y no fue bueno. ",5,-40.487812,-71.663414
Cascadas Nivinco,"Hermoso lugar . Recomiendo ir temprano , porque se junta bastante . Llevar otro par de zapatillas yq que hay que pasar por un arroyo (no grande) muy divertido y fría el.agua . Nosotros llevamos el equipo de mate . Muy recomendable!!!!",5,-40.487812,-71.663414
Cascadas Nivinco,"Buena caminata de unos 3-4 km. Es muy facil y esta re bien señalizada. Hay que cruzar unos arroyos asi que mejor llevar otro calzado que se pueda mojar. El lugar es hermoso, el agua es cristalina y bastante fria. Hay que estar atentos en la ruta por que si no hay muchos autos no se ve bien la entrada pero una vez que empieza el sendero es muy facil de llegar",5,-40.487812,-71.663414
Cascadas Nivinco,La cascada mas linda de la zona (a mi parecer) con 5 km totales de poca dificultad. Hay que cruzar un arroyo para llegar pero en nuestro caso el agua estaba baja lo que nos permitió cruzar sobre arboles caídos sin mojarnos.,5,-40.487812,-71.663414
Cascadas Nivinco,"EL lugar es hermoso y el camino no tiene dificultades, solo el cruce del arroyo que todos comentan. Al llegar a la ""playa"" no es necesario volver a cruzar el arroyo, el sendero continúa subiendo hasta el mirador. 
El problema este año es la gente. Una multitud instalada tanto en la playita como en los troncos que están justo frente a la cascada. Hasta con perros! Mucha falta de respeto a la gente en el camino, todos caminando rápido y sin correrse para dejar pasar a otros. Y estamos en pandemia!! Realmente no pudimos disfrutarlo.",3,-40.487812,-71.663414
Cascadas Nivinco,"Es bastante difícil encontrar la entrada porque casi no se ve desde la ruta. A eso hay que sumarle que en informacion turística no te la recomiendan bajo el argumento de que esta mal señalizada, cosa que no es cierta y es imposible perderse una vez iniciado el sendero y por ultimo que la entrada del sendero tiene un gran cartel que dice cerrado, al que poca gente hace caso, cosa que nosotros tampoco hicimos y que en la oficina de info tampoco te avisan. Sorteado todo esto, el sendero es sencillo y de una hora de duración. La cascada es enorme y se puede llegar hasta el borde mismo de la caída de agua. Se llevaran unas fotos increíbles.",5,-40.487812,-71.663414
Cascadas Nivinco,"La cascada es muy linda. Fui en dos oportunidades, una en abril, y anteriormente en octubre. Después del invierno suele traer más agua por el deshielo.
Es una caminata tranquila, de unos  45 minutos a 1hora. Casi todo a mismo nivel, pasando por bosque y cañas, sobre el lateral del arroyo.
Hay senderos y algo de cartelera que te va llevando.
Cuando llegas, antes de bajar a la parte baja de la cascada, sale un sendero un poco escondido a mano izquierda. Este te lleva a la parte superior, donde tenes la vista de otras cascadas más chicas aguas arriba. Acá es un poco más difícil la trepada, pero son poco metros. Ver la foto donde estamos prados arriba y la otra abajo
En las fotos se puede observar la diferencia entre el caudal de agua de una época del año a otra.",4,-40.487812,-71.663414
Cascadas Nivinco,"Después de hacer un recorrido tranquilo, se llega a la cascada Nivinco. Desde abajo se ve muy linda, pero si se trepa un poco más se puede apreciar otra cascada tambien muy vistosa. Es un paseo sereno para ir con chicos",4,-40.487812,-71.663414
Cascadas Nivinco,"Après une petite marche de 45 minutes, nous arrivons à la cascade ! 
Elle est très jolie et nous sommes seul sur les lieux. C’est apaisant d’entre uniquement la nature ! 
Je vous recommande vivement d’y faire un saut ! ",5,-40.487812,-71.663414
Sendero al Mirador Bandurrias,"After about 2 hours of hiking on the climb, very entertaining you reach the entrance of the Bandurrias viewpoint, where a group that call themselves Mapuche intend to charge $10,000 Argentine pesos per person to access the viewpoint. We arrived at 16.00. There were 3 of us and we just wanted to go to the Mirador to take pictures. We explained that we were only going to be 15 minutes. We were told that it was private property and that admission is a “contribution”, and that in return they provide wifi and bathroom service. I mean in black, no ticket or anything. I asked them whose private property, since that was Neuquin lands and told them that they had been usurping our lands for years. We don't pay them obviously, I hope at some point somebody puts in what it takes to get those usurpers out. I will write a claim to Turismo de San Martin de Los Andes.",2,-40.16528,-71.37582
Sendero al Mirador Bandurrias,The road to the viewpoint is attractive but a group of rude Mapuche pseudos charge access to a public place with rates at their leisure. Let's start that the Mapuches a people originally from Chile never inhabited Argentine soil only whipped it but the Policy for its convenience allows them to do absolutely what they want from burning millennia old forests take lands and impose tolls,3,-40.16528,-71.37582
Sendero al Mirador Bandurrias,"Wonderful views but to reach the viewpoint and beach you must pay $10,000 per person to the Mapuche community; on the Internet it says $5,000 but the actual cost is $10,000.  We do not pay it and return by another unmarked trail highly recommended for adventurers.-",5,-40.16528,-71.37582
Sendero al Mirador Bandurrias,"It is a trecking that lasts about 2 hours. Personally I found it interesting, with parts of ups and downs that tired a lot. It was quite an experience and nice views.",3,-40.16528,-71.37582
Sendero al Mirador Bandurrias,"This viewpoint offers one of the most complete panoramas of San Martin de los Andes, allowing you to see the whole city and the deep blue of the lake. You can walk along a path of low difficulty to medium of 5 km or by car along a path of ripio, although you should consider that the Mapuche community charges an entrance fee of $10,000 ARS (a high cost for the lack of services on site) which produces quite contradiction to qualify the place.
In short, the place is amazing, but it annoys to be charged to see it, when there is no viewpoint that has to be paid in the whole area.",3,-40.16528,-71.37582
Sendero al Mirador Bandurrias,The hike is long and uphill but worth the hike. The entrance fee charged by the Mapuche people is $10000 per adult. Children don't pay. The views are beautiful.,4,-40.16528,-71.37582
Sendero al Mirador Bandurrias,"The level of the trail is for people in good physical condition , first you get to a viewpoint there they charge you $10000 arg (Jan 2026) and then follow a not so difficult trail to get to Playa La Islita, from another way approx 7 min to beautiful beach",3,-40.16528,-71.37582
Sendero al Mirador Bandurrias,"Beautiful walk. The tour is very nice and the scenery is amazing.
Coming to the island is awesome.
It takes a lot of walking, but it's not impossible.
I did them five times, and I'd do it again.",5,-40.16528,-71.37582
Sendero al Mirador Bandurrias,"If you are going to San Martín de Los Andes, take a little time at noon and walk up to the viewpoint bandurrias. It is a couple of kilometers in the middle of an enchanted forest and when you reach the top a view that takes the breath away. Super recommended",5,-40.16528,-71.37582
Sendero al Mirador Bandurrias,"I recommend going light because it is a bit steep, at first it costs But then it gets flatter. I suggest to bring water and something to eat, or else on the beach there are stalls and a restaurant too if you prefer. In my opinion, the paths could be more marked.",5,-40.16528,-71.37582
Sendero al Mirador Bandurrias,"Best view of Lake Lacar. Easy access, it is close to the City. They give you a map in Tourism. Moderately difficult trail of approx 3 km, through forest and overlooking the city and the lake. Reaching the entrance of the Mapuche community (they manage it) is paid 5000$ (approx 4u$) there are bathrooms and services. You can get there by car. You can continue to a beach another 3 km and the island. For a viewpoint you keep climbing a little higher and enjoy stunning views of Lake Lacar. Highly recommended and unpredictable! 
Datazo: pancakes are a delight. 
Wear a coat that's running wind on top.",5,-40.16528,-71.37582
Sendero al Mirador Bandurrias,"Excellent trekking tour to the side of Lake Lacquer. At times you have climbs that take your breath away but I assure you that the effort is worth it. Protected by the Mapuches and with the nature of witness is a walk that you cannot miss. You can start the tour by visiting the viewpoint bandurrias with incredible views. Then you go around the island area with a rocky beach where you can take a good dip crossing to the island and finally you go around Playa Bonita where you can enjoy beautiful sunsets , unmissable!!",5,-40.16528,-71.37582
Sendero al Mirador Bandurrias,"Short and easy to do trail. If it's too hot to leave early.
When you arrive at the detour for the viewpoint and the island, you have to pay 5000 to the community in cash (to take into account).
It can be accessed by car too but the road is pretty bad, many roots and wells.
The viewpoint is super cute but I recommend following for the small island and pretty beach.",4,-40.16528,-71.37582
Sendero al Mirador Bandurrias,"Excellent, loved it, trekking, beach and panoramic view. It is a trekking on the rise, and rocky, if you have to carry trekking poles. You are charged 5000 pesos per person when the community arrives for access to the viewpoint and continue on the way to the small island or trail viewpoints.  Go early, because when it goes down if it gets dark there is no light, the tall trees block the sunlight. There are bathrooms and a supply upstairs.",5,-40.16528,-71.37582
Sendero al Mirador Bandurrias,"Path with beautiful views, with upward slope at first.
Carry water and cash.
Good footwear helps walking.",4,-40.16528,-71.37582
Sendero al Mirador Bandurrias,"I wanted to leave around the updated value as of December 2024, it's $5000 per person. I had read this post before I went and thought at most it would be $2000 per person. I found it expensive, because nothing is offered in return but access.",4,-40.16528,-71.37582
Sendero al Mirador Bandurrias,"The viewpoint is amazing. Beautiful view. The trail is not of high difficulty only has some sections that are steeper and if you are not trained it costs, but it is worth .",5,-40.16528,-71.37582
Sendero al Mirador Bandurrias,"Beautiful place!!!!!
Suggestion to get there walking is bad signposted, do like in Chile with signage made of recycled plastic ♻️ 
Here it is painted ,some almost erased in colors that does not mix with the vegetation ,green and other white brushstrokes.",5,-40.16528,-71.37582
Sendero al Mirador Bandurrias,"Lovely walk from the town. Nice range to keep our three boys (aged 5 and 8) interested.. woodland, view point with plenty of lizards around the rocks, and then a drop down to the stunning little beach looking onto the small island. The water is icey cold at this time but we had a little swim anyway as the water is just so crystal clear and tempting! 1500 pesos for adults on entry to the view point. Well worth it. Our boys are good walkers but I think you can do this even if your kids need the odd carry!",5,-40.16528,-71.37582
Sendero al Mirador Bandurrias,The lake is distinguished by its beauty and special atmosphere. The view from the shore is magnificent. The town is small but very cozy.,5,-40.16528,-71.37582
Cerro Chapelco,"Sigue  siendo  siendo el  lugar ideal para  la  familia,  sobre todo  en  temporada  media  o  baja,  es  tranquilo  y  hay  pista para  todos  los  gustos. Obviamente en  temporada  alta  o  feriados  largos  se colapsa  por  la  gran  cantidad  de  gente  que  llega,  creo  que  de  ahí  los  malos  comentarios,  lo recomiendo  como  lugar  de  descanso.",4,-40.225285,-71.261665
Cerro Chapelco,De lo peor. La infraestructura es lamentable. El personal que trabaja en el lugar lo hace a desgano y maltrata a los turistas. Accesos al cerro y rutas en general se encuentran en muy mal estado.,1,-40.225285,-71.261665
Cerro Chapelco,"Esquiar en Chapelco es una experiencia genial. Las instalaciones son buenas, el personal es muy atento y siempre servicial. Están pendientes de los esquiadores y siempre se preocupan en ayudar. Tuve un incidente con mi hija que se descompuso y el señor del teleférico corrió a ayudarnos y a ofrecerle agua. Super amable! Las pistas están bien mantenidas. Recomiendo ir temprano para disfrutar de la naturaleza  y el silencio majestuoso del cerro.",5,-40.225285,-71.261665
Cerro Chapelco,"Este cerro se viene abajo. Deberían sacarle la concesión a Nieves del Chapelco SA. El domingo se rompió la silla de Rancho Grande. El lunes se volvió a romper (imaginen la congestión en el resto de las sillas). El mismo lunes se rompió la silla de Mahuida (estuve 30 min con los pies colgando porque debe ser una silla de los años 60 que no tiene mantenimiento y no tiene para apoyar los esquies). En 2019 se incendió el restaurante de la cota 1600 y hoy es una carpa pedorra (nunca lo reconstruyeron). Las pistas tienen cero señalización. En ningún lugar hay un cartel con el estado de las pistas (como sí ocurre por ejemplo en el Cerro Castor donde hay un cartel con luces verdes y rojas en cada pista que indica si la pista está abierta o no). Un capítulo aparte merece el camino de acceso al cerro… todo de tierra y lleno de pozos. Y como si todo esto fuera poco, NO PISAN todas las pistas… la mayoría de las pistas amanecen como terminaron el día anterior sin siquiera hacerle una pasada con la máquina. Insisto que el gobierno de la provincia de Neuquén debería sacarle la concesión a la empresa que gerencia el cerro. Es una vergüenza.",1,-40.225285,-71.261665
Cerro Chapelco,"De los peores cerros de argentina. No invierten un peso en nada, solo piensan en las ganancias. Falta gente trabajando en el cerro, la organización es pésima. Para cada medio de elevación más de 30 minutos de fila, Tanto la llegada como la salida del cerro te quitan las ganas de ir. Salir con anticipación de 2h mínimo desde San Martín si queres estar a las 9am y a la salida  ármate  de paciencia, Llegamos a tardar más de 3 horas en el estacionamiento para salir. Y todo esto a un precio extremadamente elevado en comparación a otros cerros que funcionan mucho mejor. La verdad este fue mi último año en chapelco una lástima por que el lugar es hermoso pero hasta que estas situaciones se revierta yo no vuelvo, y por último volver a remarcar la falta de personal en todas las áreas, contraten gente !!!",1,-40.225285,-71.261665
Cerro Chapelco,"Saturado, nada daba abasto.
En algunos medios de elevación mucha cola.
Lo peor? La oficina del centro.
Cola para todo, mucha gente.
Si vas a la tarde hay días donde la cola es de 50 m.",1,-40.225285,-71.261665
Cerro Chapelco,"Soy de Córdoba, me encuentro en San Martin de los Andes de vacaciones y quiero contar la experiencia de Chapelco, tardas casi tres horas en llegar, el estacionamiento está destruido y colapsado, no tienen capacidad ni infraestructura para atender a toda la gente q llega,  les recomiendo ir muy temprano, sacar el seguro de esquiador ya q el pase no lo incluye, hay muchos accidentes esquiando por la cantidad de gente q hay. Precios de comida caros, y mucha espera para subir a los medios. Ojalá organicen mejor las temporadas.",1,-40.225285,-71.261665
Cerro Chapelco,"First we had to wait an hour for the gondola to get fixed. Then it is extremely poorly ran. Not enough employees to keep things organized. This allowed extremely rude people to jump the line. We were with an 8 year old. It is the resorts responsibility to not allow line cutting. For the amount of people on the hill, the parking is not large enough. Evidently the province had to give some of this land to a group of chilean natives (mapuches) therefore shrinking the size of the parking lot and making it almost impossible to get in and out. This also caused people to have to park on the street, which should be illegal, turning the road into a very dangerous one car lane for two way traffic in the mountains with curves and lots of snow. Not a pleasant experience for all the money we had to pay.",1,-40.225285,-71.261665
Cerro Chapelco,"Pistas mal señalizadas. Nevó un domingo,el martes ya estaban los manchones de tierra. Muchos accidentes,nunca vi tantos. Las clases grupales,que en la página dicen de 8 a 10, eran de más, llegue a tner clase de 22 personas. Los lugares para comer,salvo la casita de bosque, no están preparados l@s moz@s inexperimentados no sabían nu el platon del día,ni dar opinión, ni cobrar. Y los paradores de la base pobres de contenido. Por lo que sale es malo. Mucho perros sueltos en la pista.",2,-40.225285,-71.261665
Cerro Chapelco,"Una verdadera vergüenza Cerro Chapelco, estuve dos horas y media esperando la entrega de equipos el lunes 1 de agosto y al momento de recibirlos me dicen que no hay más equipos por sobre venta , que acepte lo qué hay . Las pistas sobre pobladas sin control , cantidad de accidentes como nunca vi , largas filas para subir a los medios de elevación y descontrol total . Las clases con más de 12 y 15 alumnos profesor , misma cantidad de niños con profesores totalmente desbordados cuando en la página web indican que el número es menor por profesor. 
De un día a otro han incrementado el valor de los pases notablemente sin haber actualizado su página web , uno llegaba el 1 de agosto y se encontraba con un valor diferente , una falta de respeto total . Para estacionar los autos no hay nadie que lo coordine , es total la falta de control. No les importa realmente ni la seguridad de los visitantes ni la atención al cliente , salen a relucir que tienen premios al mejor centro de esquí y la realidad dista mucho de eso.",1,-40.225285,-71.261665
Lago Correntoso,"Uno de los primeros lagos que encontramos en el circuito de los siete lagos que se inicia pasado Villa La Angostura, camino de San Martín de los Andes. Con buen tiempo se puede disfrutar en su zona de playa, lástima que no fue nuestro caso.",4,-40.739456,-71.6691
Lago Correntoso,"Fue una visita inesperada, es un lugar hermoso ideal para relajarse y pasar un momento agradable. Fuimos solo de paso",5,-40.739456,-71.6691
Lago Correntoso,Luego de conocer el río Correntoso seguimos hasta la playa del lago. Hermosas y extensas. Había bastante gente. El color del agua es increíble. Hay piedras chiquitas.,4,-40.739456,-71.6691
Lago Correntoso,"De aguas calmas, al igual que casi todos los lagos que visité, quizás el día también acompañaba, otro espejo de agua bellísimo para disfrutar!!",4,-40.739456,-71.6691
Lago Correntoso,"los lagos son un regalo de la naturaleza ,enmarcados por las montañas y bosques del Parque Nacional Nahuel Huapi ",5,-40.739456,-71.6691
Lago Correntoso,"Dimos un recorrido en auto tomándonos fotos en el punte que cruza el río más corto del mundo y visitamos la hermosa playa.
Un lugar digno de disfrutar.",5,-40.739456,-71.6691
Lago Correntoso,"Sin dudas la mejor playa en Villa la angostura. Tuvimos la suerte de ir dos veces en nuestra estadía en verano, con calor y sol. Muy linda y el agua no es tan fría como en otros lagos.",5,-40.739456,-71.6691
Lago Correntoso,"El lago es una maravilla como muchos de los de los alrededores, la diferencia la hace su playita ubicada pasando el Rio Correntoso. Hermosa playa encayada en un codo del lago que permite llenarte los ojos de un paisaje inolvidable, en verano las aguas del correntoso no son tan frias ( 18°C ) con lo cual nadas seguro, también podes alquilar un Kayak por 500 $ la hora, bucear si te gusta. Es muy cálida pues hay un solo lugar por el que puede entrarle el viento. Hermosa, para ir a diario. Como recomendación, en verano esta bastante tranquila hasta las 17 hs, luego se va llenado.",5,-40.739456,-71.6691
Lago Correntoso,"Un lago con una playa rocosa con algunos árboles, el espacio es tranquilo y familiar.
Hay una reserva mapuche que da a la playa donde se puede buscar arboles, agua y algunas cosas mas.
Poca actividad nautica y algunos kayacs.
El lago es hermoso y tiene una playa para pasar una tarde tranquila rodeado de naturaleza.

",4,-40.739456,-71.6691
Lago Correntoso,"Es un lugar soñado para pasar la tarde, hay sombra, Playas amplias, poca gente.
La belleza del paisaje es el mejor pasatiempo 
Perfecto 
La bajada está un poco oculta pero está a menos de un kilómetro de la bajada al río correntoso, mano izquierda yendo a Chile.",5,-40.739456,-71.6691
Isla Victoria,"Es una excursión clásica de Bariloche, la isla es muy bonita y tiene varios senderos para recorrer, sin dificultad. Para mi gusto el tiempo que se permanece en ella es muy corto. Hay una hostería increíble para quedarse un par de noches",4,-41.09486,-71.45322
Isla Victoria,"Se sale de puerto pañuelo, el viaje es fabuloso, la isla y la visita al  bosque de arrayanes es muy placentera para conectar con la naturaleza.",5,-41.09486,-71.45322
Isla Victoria,"Uno de los paseos más lindos. Fuimos en catamarán por el lago, visitamos la Isla Victoria, hicimos una caminata. 
Precioso",5,-41.09486,-71.45322
Isla Victoria,"Vista mais linda que ja vi!
Passei muito legal! Eles servem várias comidinhas (na parte VIP)
Amamos! Vale super a pena!",5,-41.09486,-71.45322
Isla Victoria,"O passeio é agradável desde que esteja sol e sem vento. O lugar é lindo. prefira comer o que tem no barco, pois a cafeteria de lá é horrorosa, em todos os aspectos, serviço, comida, atendimento e aspecto. Imaginava uma típica confeitaria argentina,  aconchegante, elegante e com varias opções deliciosas. Que decepção!!!",4,-41.09486,-71.45322
Isla Victoria,"O Lago é encantador, e o passeio de barco é imperdível, contratamos o serviço de bordo VIP da Cau Cau e curtimos muito, equipe muito animada e fomos bem tratados. ",5,-41.09486,-71.45322
Isla Victoria,"Belo passeio , esse lago por si so vale qualquer navegada , meio travado ter um porto a muitos km do centro da cidade , mas enfim releva e vai .

As paradas sao muito breves e a gente sai com a certeza que n pode ver muita coisa , assim mesmo o lugar tem cor , cheiro e luz imperdivel

Fui no cau cau , foi td bem , as aves dao um show a parte",5,-41.09486,-71.45322
Isla Victoria,"Fue una de las excursiones que decidí no hacer en mi viaje de egresados y descubro 20 años después con mi familia. La Isla Victoria es una isla ubicada en el lago Nahuel Huapi tiene una superficie de 31 km², los que se encuentran desde 1934 protegidos por el parque nacional Nahuel Huapi. Sin lugar a dudas, uno de los puntos fuertes de esta atracción es la flora introducida a la isla, me estoy refiriendo a los impresionantes sequoias que se encuentran implantados. Estos increíbles arboles pueden crecer por arriba de los 100 metros de altura y vivir entre los 1500 y 1800 años. Estas plantas llegaron de la mano del Sr. Aarón Anchorena que visito la Isla en 1902, luego de esta visita intento comprar la isla no lo logro, por lo que hizo usufructo de la misma (selo dio el Estado Nacional en 1907) y la devolvió al mismo Estado que le dio el usufructo.
Otro lugar muy lindo de la isla es Playa del Toro, es una playa de arena bastante clara que se puede ir a visitar, principalmente en verano, para entrar en sus aguas ya que cuenta con una plataforma bastante amplia que es de baja profundidad excelente para niños.",5,-41.09486,-71.45322
Isla Victoria,"Lindo paseo en barco con posibilidad de estar al aire libre lo malo de ir en invierno que no se aprecia nada por el frio la nieve y la brisa, seguramente en primavera es hermoso",3,-41.09486,-71.45322
Isla Victoria,"La famosa isla victoria y su vegetacion, sus senderos y luego la visita al bosque de arrayanes. Vale la pena conocer.",5,-41.09486,-71.45322
Peninsula de Yuco,Beautiful place to enjoy with family!,5,-40.165928,-71.52464
Peninsula de Yuco,"Getting to Yuco involves traveling about 30 km along Route 48, a ripio road that is usually in bad shape, with saws and wells that demand caution. Upon arrival, an access fee to the Mapuche community ($7,000 ARS x person) must be paid, with just a couple of pretty dirty bathrooms. Apart from that, you have to pay for a parking fee.
The peninsula is home to five spectacular bays, the famous Turquoise for its Caribbean color, Arenales for its spaciousness and three other small rocky beaches ideal for relaxation. The place is very nice but arriving is a headache to have a van.",3,-40.165928,-71.52464
Peninsula de Yuco,"I went to San Martin de los Andes with my daughter, I went to Yuco, which is beautiful, I had already gone a few years ago, it is beautiful, I went to Ñivinco waterfall. Also beautiful",5,-40.165928,-71.52464
Peninsula de Yuco,Beautiful beaches to spend the day. The road was good and about 45 min from San Martin.  Warmer water than on other beaches.,5,-40.165928,-71.52464
Peninsula de Yuco,It has 5 or 6 very nice beaches. It's accessed on its own pretty hard. But it's worth it. Very nice scenery and beaches for all guests,5,-40.165928,-71.52464
Peninsula de Yuco,"It is a wonderful place, a pure beauty of nature, the trip through Lanin National Park is part of the magic, I recommend it. I am from Neuquén capital and our mountain range is beautiful, shocking!",5,-40.165928,-71.52464
Peninsula de Yuco,"Beautiful place, it is worth it but I recommend doing it alone, not within the excursions since it is a place that lends itself to staying at your own time and on the excursions you have very little time.",5,-40.165928,-71.52464
Peninsula de Yuco,"Without a group of 5 beaches, 1 is the most beautiful but small at 15 the sun is no longer there you have to go early beautiful very touristy place has everything very well indicated and also has places to eat a drink and bathrooms
Highly recommended to go with family",5,-40.165928,-71.52464
Peninsula de Yuco,"One of the most beautiful places in San Martín de los Andes, incredible views and to enjoy the entire day, there are several beaches, some sand, others with stones, rocks to jump from for those who like cold water, places to drink sun. Be careful, there is no infrastructure, only bathrooms at the entrance, only 130 cars enter per day. You can walk between one beach and another, we went to 1, 2 and 3, and one is prettier than the other. Super recommended",5,-40.165928,-71.52464
Peninsula de Yuco,"It's worth it. We went on a not-so-hot day, so there were fewer people and parking available inside (it's free, they only ask for voluntary cooperation to enter). The paths from the parking lot to the beach are short (we walked with a 2-year-old girl who had no problems). We were on beach 1, very beautiful, it is a small bay with almost no wind. It is made of small stones, but when entering approximately from the knees there are large and slippery stones, so I recommend wearing water shoes.
The gravel road to get there is very good for 4x4, it took us approximately 30 minutes to get there from San Martín. The path is very beautiful too.",5,-40.165928,-71.52464
Peninsula de Yuco,"Beautiful beaches. Visit the place on an excursion, but it is possible to get there by public transportation (La Araucana, currently the fare would be around $12,000 round trip) from the bus terminal.
Excellent there are different places to rest, beaches with more sand and calmer, but if you continue walking you can reach an area of only rocks, however if it is possible to get there, it is worth it because it is the most beautiful area
The road to get there is quite rustic, gravel.",4,-40.165928,-71.52464
Peninsula de Yuco,"You can enter from 9 am, it is advisable to arrive at that time because there is limited capacity in the parking lot and you cannot enter afterward. You cannot leave your car outside because it is prohibited and there are fines.
Yuco consists of 5 descents to the coast, I wouldn't call them all beaches. You enter through a single place and from there you can walk to the different descents, all very close. Are there bathrooms. The first one is the most beautiful, that is the beach. It fills up quickly and then they are all next to each other (literally). The water is clean and clear, like all the lakes in the south, it is not as the photos show. ""A paradise"" is a lot. And at 2 p.m. there is no more sun. Descent 2 and 3 are together, very narrow and with rocks. Those three are windless. 4 and 5 are very windy, with stones and logs. It is to see but not to stay.
If when you arrive you cannot enter, I recommend doing 14 more km and entering the Nonthue campsite, you pay $500 to use the bathrooms, and you arrive at a very nice beach to spend the whole day. I liked it more than Yuco.",3,-40.165928,-71.52464
Peninsula de Yuco,"Beautiful place . It is certainly worth knowing. In January 2024, the gravel was very ugly for a common vehicle like cars. It is approximately 25 km.
You can enter the place until 11 a.m. 120/150 cars enter. And supposedly you can't park on the road. But when we left there were many cars parked on the side of the road.
The beaches are very beautiful. Beach 1 is very small, it fills up very quickly, it is like Mardel on central beaches. It is a good idea to go early and enjoy each beach for a while. 4 and 5 are very windy. The 2 and 3 of small stones. And the 2nd of sand.
There is a place to eat, heat water and bathrooms",5,-40.165928,-71.52464
Peninsula de Yuco,"Incredible place. You have to go early to have parking. We recommend bringing everything you need, especially water, to get through the whole day.",5,-40.165928,-71.52464
Peninsula de Yuco,"En realidad son 5 pequeñas playas,  la numero uno  o sea la turquesa, a la que me refiero en esta opinion, soy un apasionado del agua y conozco muchas playas, calas, lagos, rios etc y esta es la mas hermosa que visto en mi larga vida, tanto como escenario natural ; bosque, rocas, playa, colores y transparencia del agua y tambien para nadar o hacer snorkel  ES UNICA, yo nado espalda por lo que nadaba viendo todo el bellisimo entorno de la playita. Es una de las muchas playas del lago Lacar, por lo que no esperen una temperatura caribeña, es fria pero totalmente tolerable, si son muy friolentos, disfruten el espectacular entorno, las otras 5 playitas o calas no las recomendaria",5,-40.165928,-71.52464
Peninsula de Yuco,"Fuimos en un auto de alquiler, nos llevó una hora más o menos. Es hermoso el camino, pero hay que hacerlo con cuidado, todo ripio, subidas, bajadas y curvas. Hay estacionamientos varios, baños, señalización. No hay mucho para consumir. Pero las playas son hermosas, estuvimos sobre todo en la 2, es un sueño el agua, las piedras, los árboles. Para pasar todo el día si el clima acompaña.",5,-40.165928,-71.52464
Peninsula de Yuco,"volvi por segunda vez y volveria mil veces mas
Tenes 5 playas para conocer, 3 sin viento, 2 con viento...todas las opciones son hermosas, dignas de conocer",5,-40.165928,-71.52464
Peninsula de Yuco,"Las playas están a 30km aproximadamente desde San Martín de los Andes. El camino es de ripio pero se llega bien. El acceso a las playas está limitado a 650 personas y 150 autos para preservarlas, por lo que es recomendable ir temprano para poder acceder sin tener que esperar demasiado. Son 5 playas en total y son todas bellísimas. Desde la playa 1 se puede saltar desde las piedras y nadar. La playa 2 es la única que tiene arena, las demás son de piedras. Es un lugar hermoso para recorrer y disfrutar. Esta bien cuidado y señalizado.",5,-40.165928,-71.52464
Peninsula de Yuco,"Desde la terminal de SMA sale un colectivo todos los días de la empresa Araucana. $1509 por persona. Dentro del parque hay sanitarios y se pueden comprar alimentos y bebidas. No se ve basura. La entrada es gratis 

Lo que si hay gente, MUCHA gente,",4,-40.165928,-71.52464
Peninsula de Yuco,"Hermoso lugar con una paz increíble, paisajes hermosos, el lago una maravilla, aves para observar. Lugar para estacionar y pasar el día. ",5,-40.165928,-71.52464
Paseo Costanera Junin de los Andes,"Muy cuidada la costanera que bordea el Río Chimehuin a la altura de Junín de los Andes. Asientos, lindos maceteros, linda arboleda, distintos lugares para elegir de un lado o del otro del puente. Buena opción para picnic o tomar mates.",4,-39.937,-71.06571
Paseo Costanera Junin de los Andes,"Hermoso paseo para los amantes de la naturaleza. Ideal para descansar, almorzar, tomar unos mates y bañarse en un río correntoso pero seguro.",5,-39.937,-71.06571
Paseo Costanera Junin de los Andes,Es un lindo lugar para caminar crfuzar el puente buscar un lugar para sentarse y si el calor ayuda se puede dar un chapuzon en el rio Chimeuin,5,-39.937,-71.06571
Paseo Costanera Junin de los Andes,"MUY amplia y muy bien cuidada con el cesped bien mantenido. Es solo peatonal lo que le da mucha tranquilidad a la hora de desplazarse,Con Bancos Pergolas .",4,-39.937,-71.06571
Paseo Costanera Junin de los Andes,Hermoso paseo. Se puede bordear el río rodeado de una vista espectacular y detenerse en algún lugarcito a tomar mate o hacer un picnic.,4,-39.937,-71.06571
Paseo Costanera Junin de los Andes,Hacia mucho tiempo que no iba a este paseo y me sorprendio. Esta muy bien mantenido y arreglado. Tiene lugares para sentarse a tomar mate o solo ver el rio. Hay un puente para poder cruzar al otro lado.,4,-39.937,-71.06571
Paseo Costanera Junin de los Andes,"Hermoso y pintoresco paseo costero del Río Chimehuin. Desde el centro se llega con el 3er semáforo a un lado al río y al otro al paseo Vía Christi. En el Paseo costero están los artesanos, hermoso paisaje, sonido del río pegando en las rocas, los pájaros autóctonos son placer escucharlos.  También están los accesos a la entrada a un costado de la primera estación de combustible antes de llegar se tiene un acceso al río muy pintoresco y autóctono.  Otro está pasando el paseo costanero por la calle paralela al río te lleva a un puente que se cruza se deja el vehículo, biciclerta o se sigue caminando y tenes a ambas manos para caminar, recorrimos a mano derecha y es hermoso. Se pasa por detrás de uno de los camping que tiene dormis y unas cabañas. La gente super amable, tranquilo para pasear con tranquilidad y desconectarse y disfrutar del relax. Consejo, llevar lona, reposera, banqueta, canasta para el desayuno o merienda, igual tienen kioscos, mercaditos, panaderías al rededor. Un disfrute de todo JUNIN DE LOS ANDES. Justo llegamos a la fiesta de la Trucha del Río Chimehuín. El año que viene se hace en noviembre.",5,-39.937,-71.06571
Paseo Costanera Junin de los Andes,"muy linda para caminar y relajarse, peatonal pegada al rio, muy buena vista. se llena de gente en verano, muy bueno para tomar sol.",4,-39.937,-71.06571
Paseo Costanera Junin de los Andes,"paramos en la costanera del rio a almorzar de camino a san martin, muy tranquilo y pintoresco, recomendable",5,-39.937,-71.06571
Paseo Costanera Junin de los Andes,"Junin de los andes es un pueblo coordillerano que se ubica al margen del Rio chimehuin, famoso mundialmente por la pesca de salmónidos (truchas) durante el período que va desde noviembre a marzo.",5,-39.937,-71.06571
Cascadas Nivinco,"Muy linda caminata y las cascadas son copiosas. Averiguar bien donde hay que ir con el auto, ya que esta saliendo de V.La Angostura, llevar almuerzo y comer mirando las cascadas. Tener cuidado cuando sacas los alimentos porque te invaden las abejas.",5,-40.487812,-71.663414
Cascadas Nivinco,"Este lugar se encuentra en la ruta de los 7 lagos, se deja el auto, y se arranca a caminar el sendero. Es un sendero ancho, y tranquilo, no es muy empinado. En un momento se llega a un río que hay que cruzarlo, hay un tronco grande por el cual se puede cruzar, pero hay que hacer equilibrio, si no, tranquilamente se puede cruzar caminando en pata, o con algun tipo de calzado estilo crocs u ojotas (el agua te entumece los pies de lo fría que es ja).
Primero llegas a una cascada(que está llena de gente), si querés subir a esa cascada e ir a las otras dos, hay que ir por otro que dice ""clausurado"", pero al lado, hay un sendero alternativo ,siguiéndolo(no hay que seguir mucho, hay que tomar caminos que se abren a la derecha, si no, terminas en la nada), se llega a la cima de la primer cascada, y desde ahí se puede acceder a las otras dos.
Un muy lindo lugar, las cascadas tienen aguas de un color verde, increíble, pero son super frías.
La dificultad del sendero es Media/Fácil.",4,-40.487812,-71.663414
Cascadas Nivinco,"En realidad se llama cascada Ñivinco. Está en el camino de los 7 lagos, a unos 25/30 km de Villa la Angostura. Caminata de unas 2 horas, ida y vuelta, de dificultad baja-media. Ir provisto de ojotas o crocs porque se debe vadear el río Ñivinco (de aguas frías pero fácil de cruzar) al principio del recorrido. El sendero, que está muy bien marcado y muy transitado, es ancho al principio y se va angostando al acercarse a la cascada. Se transita un bosque de ñires y caña colihue que se va haciendo cada vez más tupido. Al llegar al río nuevamente y con la vista de la cascada, no es necesario volver a cruzar el río porque el sendero vuelve a comenzar al costado (la parte de mayor dificultad). La recompensa es una cascada maravillosa de vistas impactantes. Recomiendo llevar líquido para beber si el día está caluroso. Lo peor son los molestos tábanos.",5,-40.487812,-71.663414
Cascadas Nivinco,"El camino es facil y muy bien señalizado. Se puede hacer sin demasiada dificultad por cualquier persona que pueda caminar por aprox 40 minutos. Se debe cruzar un rio de muy poca profundidad (agua hasta los tobillos) pero de agua helada.
La caminata vale la pena porque se llega a una cascada absolutamente hermosa.
Sin dudas, una de las mejores atracciones del camino de los 7 lagos
",5,-40.487812,-71.663414
Cascadas Nivinco,"Se llega por un camino de unos 2 km bien senalizados y sin dificultad, hay que cruzar un arroyo helado en un momento, asi que es recomendable llevar un calzado extra. La cascada es muy linda, un paisaje hermoso para disfrutar en familia.",5,-40.487812,-71.663414
Cascadas Nivinco,"Este es un trekking o senderismo fascinante.La escenografia es irreal.
Al llegar el cartel indica que la duracion del recorrido sera de dos horas.Realmente,como mucho,es de una hora y media.El primer,y corto tramo,te lleva a un arroyo.Importante;si o si se van a mojar,vayan preparados.Luego hay una parte tipo bosque,despues otra abierta con una linda vista,y la ultima y mas larga es atraves de un camino muy estrecho y laberintico rodeado de tupida vegetacion.
Esto hace que al llegar al destino sea mucho mas impactante.Desembocas en una playa con una cascada que recuerda a algo soñado.Pero eso no es todo.Seguis avanzando y el final tiene como una doble vuelta de tuerca.
El recorrido es de muy baja dificultad.
No hay excusas para perderselo.",5,-40.487812,-71.663414
Cascadas Nivinco,"Una caminata suave, sin complicaciones ni muchas pendientes, de unos 40 minutos para llegar al paisaje más parecido al paraíso que he visto. Una enorme playa de piedritas suaves que abre la vista a un pequeño salto y que esconde tras la vegetación los grandes saltos de la cascada. Con ollas enormes que permiten bañarse en aguas frías pero que a menos de un minuto ya te aclimatás. En el recorrido es necesario cruzar dos veces el río Pichi Traful, pero la primera vez hay un tronco que permite sortearlo con algo de equilibrio, y la segunda vez es a la llegada, por lo cual vas a mojarte igual!!!! Además, fuimos en la primera semana de febrero, con 31 grados, fue delicioso mojarse en aguas frescas y transparentes. La vista bellísima, eso sí, llevar una pantalla o ramitas para espantar los bichitos voladores de todo tipo. ",5,-40.487812,-71.663414
Cascadas Nivinco,"Muy lindo lugar, al cual se llega a través de una caminata muy tranquila de 2 horas de duración (ida y vuelta). Es necesario atravesar un pequeño río, que se puede hacer cruzando algunos troncos o a pie (un calzado extra puede ser útil, pero no seria tan necesario). Caminata recomendable para hacer en familia. 
El acceso a este lugar se encuentra sobre la ruta nacional 40, en el camino de los 7 lagos.",5,-40.487812,-71.663414
Cascadas Nivinco,Vale la pena ir. El camino es hermoso y no es dificultoso. Recomendable llevar algo para comer alla y si tienen valentia bañarse en el lago. De lo mas lindo y sin gastar que se puede hacer en villa la angostura,5,-40.487812,-71.663414
Cascadas Nivinco,"Hermosa caminata muy cerca de Villa la Angostura. De facil acceso para toda la familia.
Recomendable llevar un calzado extra ya que hay que cruzar un par de veces el rio.",5,-40.487812,-71.663414
Sendero al Mirador Bandurrias,Very nice we drove and the road was difficult one way we had to put chains because there was a lot of mud and it was difficult,5,-40.16528,-71.37582
Sendero al Mirador Bandurrias,"Very good for hiking and appreciate the view of the lake. The road is complicated and tiring. I recommend as morning activity. I went to the island. Round trip late approximately 2hs. At the viewpoint they charge $1500 admission. If you want to get down breakfast go, ta cute",4,-40.16528,-71.37582
Sendero al Mirador Bandurrias,"The views are beautiful, the viewpoint is spacious with several panoramic views. As you go up the trail there are also very nice areas to enjoy the landscape.
In my case it was very tiring, a lot of climbing and the mud made it complicated at times.
Keep in mind that they charge ""entrance"" to the viewpoint, $1500 per person (May-24).

From there you can go down to the island area, it is worth it because it is beautiful, but equally tiring.

It can be easily accessed by car, I would take that option if you go for a few days to make the most of your time while still appreciating the views.",4,-40.16528,-71.37582
Sendero al Mirador Bandurrias,"I went in summer and the weather was with me, beautiful view, be careful to bring cash, the Mapuches cut you off and I couldn't move 300 meters from the viewpoint. There are two places, the view towards Chile and the view towards San Martin, I could not see Bandurrias.
As always, carry a bottle with water and a stick/cane if you need it, there are a couple of sections that may require them, but it is easy to get to, follow the path with the green and white markings (as shown in the photo), the entrance is behind of prefecture.",5,-40.16528,-71.37582
Sendero al Mirador Bandurrias,"The view of the lake from the height is beautiful, it is worth it, the walk is a little difficult, and a lot of dirt, it is dust, not stone, it can also be done by vehicle on the other hand, but it has a different flavor. When you arrive they charge you a very low entrance fee of $1500 and then you can go down to the little island and pretty beach (you can also get there by car, there are grills, tables, etc.). The path is the other way around, downhill but then you suffer it when you return, difficult but nothing out of this world, the landscapes are worth it, both views are very very beautiful",4,-40.16528,-71.37582
Sendero al Mirador Bandurrias,"I confess that I had no faith in him. I thought it was going to be a trek that was too urban, and with an “average” view within the incredible views that SMA and its surroundings offer. But again it was worth it. We did it with kids, so it took us 45-50' one way vs the ~30' that Google Maps said.",5,-40.16528,-71.37582
Sendero al Mirador Bandurrias,"We walked from San Martin, medium difficulty.
The views are beautiful!! We take many pictures.
Super recommended",5,-40.16528,-71.37582
Sendero al Mirador Bandurrias,"Ideal time, no cold, blue sky, flowers everywhere. I recommend renting a car and staying two or three days in each place. The route is in good condition and is very safe.",5,-40.16528,-71.37582
Sendero al Mirador Bandurrias,"Nice trail. We went carrying a baby, it has no difficulties and we saw it signposted. Everything is within private property belonging to the Mapuche Curruhuinca community. We left the car at the beginning at the sewage treatment plant and from there the path begins through the forest to the viewpoints and the beach in 1 hour or less. We did not find a natural source of water, everything had to be taken from below. They charged $1500 per person without differentiating between foreigners/Argentines/with a car/etc. The view from the bandurrias is very beautiful. Nice to take lunch and eat on the beach or go spend the afternoon.",4,-40.16528,-71.37582
Sendero al Mirador Bandurrias,"Leaving the car and taking the path to the viewpoint and then to the island beach walking along the path surrounded by forest, chickens, cows and sheep is the best. Although it is tiring, it is not difficult and, depending on your physical condition, it can be between 1 and a half and 2 and a half hours of walking there and back. Bring water, sunscreen and help yourself with sticks/canes, which are plentiful.
The view from the viewpoint is incredible and the beach is refreshing after all that walking. The collaboration of $400 to the Mapuche community in October '23 in the place where there are bathrooms available, deserved.",5,-40.16528,-71.37582
Sendero al Mirador Bandurrias,"We loved this trail
The ugly part is at the beginning because it starts next to the sewage treatment plant.
Then you go into the forest, and you go up
There is a part that has a moderate climb
Upon arrival you pay an entrance fee of $400 each
There you can buy fried cakes
The view is beautiful",5,-40.16528,-71.37582
Sendero al Mirador Bandurrias,"Linda vista de San Martín de los Andes. Vale a pena dedicar tempo e descer a direita, dentro da área indígena e tomar um mate na playa bonita.",5,-40.16528,-71.37582
Sendero al Mirador Bandurrias,"Las vistas desde el mirador son hermosas ya sea hacia la ciudad como toda la panoramica del lago y sus costas.Subimos caminado por el sendero que se inicia al final de la playa. Todo ese sector del mirador,la islita ,etc no es publico,pertenece a la comunidad mapuche curruhuinca y para acceder hay que pagar un ingreso de $ 400 por persona sino no te permiten ingresar. No brindan ningun servicio a cambio,si venden bebidas y tortas fritas bastante caras, y ni siquiera se encargan del mantenimiento del camino,el pago es para poder llegar al mirador para ver los paisajes.La caminata es de poco mas de 1 hora y hay muchas sendas en el bosque aunque en los arboles hay marcas de lo que seria el principal que no es el mas facil ya que hay sectores erosionados y lugares con barandas de palos.",3,-40.16528,-71.37582
Sendero al Mirador Bandurrias,"excelentes vistas y muy lindo camino. Accesible, no tiene dificultad. Está muy mal señalizado, pero vale la pena.",4,-40.16528,-71.37582
Sendero al Mirador Bandurrias,No pudimos llegar en auto por el regular estado del camino. Creo que lo +optimo sería ir a pie o conocer bien el lugar.,3,-40.16528,-71.37582
Sendero al Mirador Bandurrias,El mirador muy lindo pero están los mapuches que te cobran $400 por persona (precio marzo 2023) y esto no te lo dicen todos. El camino en muy mal estado y poco cuidado. No hay señalización. Fuimos con auto y es complicado. Luego para bajar a la islita como estábamos con el auto seguimos el camino que apenas tiene señalización. Cuando llegas a la islita con el auto te quieren cobrar los mapuches otros $400 para cuidar el auto…. Acá nos dimos vuelta y nos fuimos. Les recomiendo NO ir hay muchos lugares hermosos para disfrutar y q no están los mapuches queriéndote estafar…. No entiendo porque algunos dan buen puntaje si es por la vista en SMA hay miles de lugares similares y de acceso público como debería ser.,1,-40.16528,-71.37582
Sendero al Mirador Bandurrias,"Primero por el mismo camino hacia el mirador Bandurrias nos desviamos al sendero del Viejo Ciprés que es un Mirador que está enfrente de la playa céntrica de SMAndes. Fui acompañanda por una guía de GuruWalker, Lorena. Ellos son guías q viven en la ciudad y luego del paseo uno les paga lo que le pareció el tour. La vista excelente! Y la explicación que nos dió sobre la vegetación y fauna del lugar muy buena también.  Les dejo dos fotitos de la vista. Luego volvimos al inicio del camino al mirador Bandurrias..",5,-40.16528,-71.37582
Sendero al Mirador Bandurrias,"El lugar muy lindo. Fuimos caminando desde el centro hasta el mirador y luego a la islita. Largo y cansador pero fácil en general. Lo único que no estoy de acuerdo es tener que pagarle a los Mapuches un ""peaje"", por decirlo de alguna manera, para pasar. 400 pesos por persona pero solo un baño medio pelo a cambio. Pero bueno, tampoco es tanto.",4,-40.16528,-71.37582
Sendero al Mirador Bandurrias,"🛑Mirador Bandurrias ⛔
Visita este balcón natural formado en un peñón que sobre sale en la costa del Lago Lácar, a pasos de la ciudad de San Martín de los Andes. Las vistas panorámicas al lago y el paisaje de bosque montañoso que ofrece son increíbles e inolvidables .
Nosotros tomamos un sendero alternativo en el cual encontramos un camino con mas dificultad,pero valió la pena . 
Podes ver todo el recorrido en nuestro video de Youtube,el 

 

🛑Bandurrias Viewpoint⛔ Visit this natural balcony formed on a rock that juts out on the shore of Lake Lácar, a few steps from the city of San Martín de los Andes. The panoramic views of the lake and the mountainous forest landscape it offers are incredible and unforgettable. We took an alternative path in which we found a path with more difficulty, but it was worth it. You can see the whole tour in our YouTube video, which is in the Bio 👀🌍. 

#nideaquinidealláok",5,-40.16528,-71.37582
Sendero al Mirador Bandurrias,"El sendero se inicia a pocas cuadras del centro de la ciudad. Es necesario buen calzado y agua. Tiene subidas importantes que cuestan un poco, por momentos no esta bien señalizado. Se va bordeando el lago y por el bosque con vistas hermosas. Al llegar arriba hay un puesto de la comunidad Mapuche te cobran entrada. Allí el camino se divide en dos, una al Mirador Bandurrias donde hay vistas panorámicas de la ciudad y del Lago Lacar. Otra hacia la Islita qué hay que continuar el camino alrededor de 2 km mas. Cuesta un poco pero vale la pena hacerlo.",4,-40.16528,-71.37582
Peninsula de Yuco,"El camino para llegar.... áspero,  hay que decirlo. Pero lo que alli verás llena el alma. Las playas aparecen una tras otra en cada recodo de la península. El agua transparente permite ver los colores de la roca sumergida varios metros..... dan ganas de nadar alli. Los sentidos explotan. Vale la pena visitar el lugar.",5,-40.165928,-71.52464
Peninsula de Yuco,"Son 5 playitas en un mismo lugar. Recomiendo la 2 y 3.
La 1 se llena de gente y se le va el sol temprano. 
La 2 es muy linda, más amplia. La 3 muy bonita pero chica. 
4 y 5 sin gente.
Recorrer caminando las 5 playas es un hermoso paseo, sacando fotos desde distintos  ángulos, se va viendo el agua de diferente color.
Si vas en auto, el acceso en ripio es incómodo, pero el ripio está muy bien y vale la pena.
Hay proveeduria.",5,-40.165928,-71.52464
Peninsula de Yuco,"Esa zona del lago Lacar, tiene muchas playitas con buena sombra y aguas cristalinas, imposible no conocerlas",5,-40.165928,-71.52464
Peninsula de Yuco,"Las playas, 123, son espectaculares. El color y la temperatura del agua increíbles. El ambiente de arena, montaña, lago y bosque lo hace único. El camino está bastante deteriorado. Máxima 40. Bellísimas playas. Pero, lamentablemente, el lugar está totalmente invadido por abejas no autóctonas, que hacen imposible comer en el lugar. Muy molestas, al punto de haber invadido todas las playas. El resto, es un paraíso.",3,-40.165928,-71.52464
Peninsula de Yuco,"Increíbles playas cerca de San Martín de los Andes. El agua al mediodía tiene un color hermoso, y super clara. Hermoso para nadar. 
La playa 1 y 2 son las mas lindas pero explota de gente desde muy temprano. La 4 es la más tranquila.",5,-40.165928,-71.52464
Peninsula de Yuco,"Sin dudas la 1 y la 2 sobre todo son las mas lindas y mas aprovechables. Vale la pena. Lleven crocs o zapatillas para agua, las piedras dificultan el ingreso al lago",5,-40.165928,-71.52464
Peninsula de Yuco,"Hermoso lugar. Increíbles playas, aguas muy cristalinas.
Recomiendo conocer la playa 1 “Turquesa”, las playas 4 y 5 son de piedras , no me quedaría a pasar el día, si a conocerlas. Muy ventosas.
Ir temprano porque en un lindo día se llena de gente.
Llevar comida porque hay un solo lugar para comer, muy chico.
Camino de ripio , con muchos “serruchitos”, ir despacio.
Los residuos se los debe traer uno , no hay tachos de basura en todo el parque.
Vale la pena conocer este lugar",5,-40.165928,-71.52464
Peninsula de Yuco,"Lindas playas (sobre todo la 1, de aguas turquesa y tranquilas), las 3 primeras de arena, la 4 y 5 de piedras y mas ventosas con oleaje.  Hay que ir temprano en verano, porque se llena y hasta se complica para dejar el auto. Los 32 km de camino de ripio, no son complicados para manejarlos, pero mucha gente (me incluyo) termina a la vuelta en la gomería (de hecho, al volver al auto desde la playa, encontré la goma baja y tuve que poner el auxilio).",5,-40.165928,-71.52464
Peninsula de Yuco,Hay 5 playas se pueden recorrer todas dado que están cerca. El camino es de ripio. En temporada se puede complicar para estacionar. Hay un lugar que venden comida pero no tiene demasiado se recomienda llevar.,5,-40.165928,-71.52464
Peninsula de Yuco,"nos quedamos en playa turquesa, despues de las 16 no hay sol... asique si hace frio yo elegiria otra. Nos toco un dia caluroso y bellisimo. El ripio hasta llegar esta detonado, pero la belleza del lugar vale cada km de ripio que uno maneja",5,-40.165928,-71.52464
Peninsula de Yuco,"Very nice place . You can not miss these beaches! Rocks to jump into cold water..
Worth the trip. The photo is true.",5,-40.165928,-71.52464
Peninsula de Yuco,Conocimos la playa 1 y es espectacular. tenes un lugar para estacionar el auto y podes bajar caminando a la playa. Lo unico a tener en cuenta es llevarse algo para tomar o comer si es que vas a pasar mucho tiempo ahi porque no hay ningun lugar para comprar.,5,-40.165928,-71.52464
Peninsula de Yuco,La península tiene 5 playas bastante diferentes entre sí. Todas muy lindas. Nosotros nos fuimos a la de piedras y de ahí nos echamos del mar de gente que había hacían unas rocas. Antes aprovechamos para hacer el sendero a la laguna (2 horas aprox ida y vuelta) que es muy lindo. ,5,-40.165928,-71.52464
Peninsula de Yuco,"Playitas muy lindas, para llevar a los mas pequeños a jugar un poco en la orilla, ademas es paso obligatorio para ir hasta la Cascada Chachin, paseo imperdible!!",5,-40.165928,-71.52464
Peninsula de Yuco,"Muy lindas playitas para conocer y descansar, con opciones de bañarse en el lago si el tiempo lo permite. Son varias playitas, chicas, y la mayoria ya despes del mediodia tienen poco o nada de sol, sobre todo la nro 1 que es la mas linda, por lo que recomiendo ir lo mas temprano posible.
Es ideal para llevar picnic y pasar el dia en un lugar tranquilo (creo que no venden nada ahi) hacer caminatas al borde el lago.",4,-40.165928,-71.52464
Peninsula de Yuco,"Uno de los lugares que no se puede dejar de visitar estando en San Martin de los Andes. Hay que tomar la RP48 (de ripio y montaña, muy angosto en algunos tramos, hay que ir con cuidado) desde San Martin, que lleva al paso Hua hum. Despues del Trompul, un poco mas adelante,  aparecen los carteles para la peninsula de YUCO. Son 5 playitas, 3 de un lado de la Peninsula  y 2 del otro. A mi parecer la mas bella es la Turquesa, luego esta la Arenosa y la Rocosa, las otras 2 no tienen demasiado.Por supuesto como casi todo en el Parque Lanin, no hay nada para comprar, asi q no olvidarse de llevar bebida y algo para comer y unos buenos mates! Luego llevarse todos los residuos. Si van temprano y con vehiculo, luego de unas horas en las diferentes playas,  pueden retornar a la ruta y seguir hacia Hua Hum, a la Cascada Chachin, preciosa!!!  Hay q estacionar y seguir a pie 1200 metros en subida, pero vale la pena! De regreso (debe hacerse x el mismo camino) pueden entrar al Lago Nonthue, donde encontraran el Muelle Hua Hum, otro lugar de ensueño!,",5,-40.165928,-71.52464
Peninsula de Yuco,La playa muy linda pero solo la número 1. El resto de las playas no valieron la pena...la número 1 tiene una vista hermosa desde una zona q esta a la derecha de la entrada o bajada a la playa donde puede verse el agua color turquesa q es muy bello...importante el horario de acceso ya que tipo 13.30 se queda sin sol y se pone fresco a la sombra...,4,-40.165928,-71.52464
Peninsula de Yuco,"Se llega por un camino de ripio en estado regular pero vale la pena. 
El color del agua de la playa turquesa parece el caribe. 
Impresionante !!
Recomiendo visitarla.",5,-40.165928,-71.52464
Peninsula de Yuco,"Las playas son lindas y el paisaje también. No son gran cosa. sinceramente no me parece q valga la pena por el camino que es largo, de ripio, muchas subidas muy mal señalizado, se cruzaban caballos en el camino y algunos vehículos a alta velocidad en las curvas. Peligroso.. no volvería",3,-40.165928,-71.52464
Peninsula de Yuco,Es un lugar que tiene 5 playas diferentes. Está bueno visitarlo si uno hace el camino a Hua Hum. Recomiendo llevarse algo para picar porque las playas y las vistas desde las mismas son espectaculares.,4,-40.165928,-71.52464
Beagle Channel Navigation with Minitrekking,"Incredible walk, very worth doing, landscapes and a wonderful immersion with nature.",5,,
Beagle Channel Navigation with Minitrekking,"Excellent! I really loved the experience, all the very good crew, captain, sailor and guide, all very good. We had a nice weather too, you saw many animals and whales too. The guide Cristian was excellent, he was explaining us along the way and we learned a lot from him. 
The coffee, tea and chocolate was very good for the moment and the cold, ideal.
I recommend having experience, thank you!",5,,
Beagle Channel Navigation with Minitrekking,"Very nice tour, impressive nature, very friendly guide.",5,,
Beagle Channel Navigation with Minitrekking,Very nice tour. The guide Chris was very friendly and explained us lots of stuff. For the two of us he even translated almost everything in English seperately bevause everybody else spoke Spanish. We saw lots of wildlife. The boat and the groups is small which is a big plus for me.,5,,
Beagle Channel Navigation with Minitrekking,"Outstanding views, number of wildlife that we saw is insane, recommend this tour to everyone, great tour agency",5,,
Beagle Channel Navigation with Minitrekking,Wonderfully beautiful tour by boat!,5,,
Beagle Channel Navigation with Minitrekking,"Even though it rained at first, the trip ended up being totally beautiful and we even got to see some whales.

Luciana is such an amazing person and you can really tell she loves her work. Her energy is great and she shared so many interesting facts using some really cool maps to explain everything. Honestly, she is so good at what she does that she should definitely start her own business!

She’s just incredible, from her storytelling and language skills to her genuine passion for nature and people. If you have the chance to go on a tour with her, definitely go for it.",5,,
Beagle Channel Navigation with Minitrekking,"It was such a great experience! We saw a lot of animals even whales, I can recommend it for everyone.",5,,
Beagle Channel Navigation with Minitrekking,"Great experience, the guide Chris was really on top!!
I recommend:)",5,,
Beagle Channel Navigation with Minitrekking,"Amazing experience. Worth every penny. Our guide was Cristian, a lovely person and very knowledgeable about the area.",5,,
Beagle Channel Navigation with Minitrekking,A great trip with a really lovely and knowledgeable guide. Saw loads of wildlife.,5,,
Beagle Channel Navigation with Minitrekking,"Great experience! The staff was very friendly, knowledgeable and attentive to our questions. We even had the chance to admire whales! If you are looking for a small committee excursion I highly recommend it!",5,,
Beagle Channel Navigation with Minitrekking,"Excellent, wonderful experience, recommend it",5,,
Beagle Channel Navigation with Minitrekking,"Patagonia Explorer was chosen because the boat was close to the lighthouse and the island, and there was a 10% discount on booking at the platform. It is possible that on-site bookings will get another 10% off, but it will take time to find, communicate and compare.
	
The boat could take up to 27 people, and 26 were almost full that day. The round trip time from the marina is four hours from 15:00 to 19:00. Winds are strong in the Channel, and it's not cold in the sun when you're dressed up for assault.
	
Half an hour by boat starts with the Faro Les Eclaireurs lighthouse and the nearby Sea Lion Island of Bird Island, stopping for about 20 minutes, then half an hour by boat to Isla Bridges for a half-hour hike up to see the Beagle Channel, across the sea from Chile. Finally, in the sunset, whales are occasionally spotted spraying water on the surface.",5,,
Beagle Channel Navigation with Minitrekking,"Super recommended, very professional staff.
Juan Pablo was the guide, very knowledgeable.",5,,
Beagle Channel Navigation with Minitrekking,Great tour through the Beagle Channel.  Fabulous Tour operator.  We saw lots of birds and Sea Lions.  Our host was very knowledgeable and we all thoroughly enjoyed our time.,5,,
Beagle Channel Navigation with Minitrekking,"That was a perfect trip . Very good organization . We were at the lighthouse island , where sea lions and cormorants roamed. A special experience was the encounter with the humpback whales on our way between the islands . Individual penguins could also be seen in the water. In between, there were many explanations, also based on maps. Also the small hike at the end to a photo point was nice , as the island has a remarkably diverse flora.",5,,
Beagle Channel Navigation with Minitrekking,"They marked a totally wrong meeting point on the map, it’s 10 mins walk from their actual office. It was really confusing",3,,
Beagle Channel Navigation with Minitrekking,"Very nice walk.
The team is very welcoming. Our guide very available and speaking very good English. It is well prepared with maps and documents available to locate us in the Beagle Canal and talk to us about wildlife.
And, icing on the cake, we will have seen some whales:-)",5,,
Beagle Channel Navigation with Minitrekking,"Check in and boarding was very efficient and on time.
Boat was clean and appeared well maintained. Some storage under the seats for smaller bags.
Stopped for a good length of time at the lighthouse and sealion colonies, captain did a good job of moving the boat about very smoothly.
The landing and trek was an enjoyable experience.  Before landing there was a briefing, they are very clear on what is and isn't allowed, invaluable in limiting impact from travelers.
Our guide was very knowledgeable and gave the information in both Spanish and English.
This was a last minute booking after our travel plans changed, I am glad we did it.",5,,
Cerro Castor,"So far the best ski center of Argentina (I know cerro caterdral and esquel), the slopes always combed in the morning, good slopes, the pass comes out a little cheaper than cathedral and to get there the combis are well coordinated and good price.. there are slopes for all levels... no doubt I would return",5,-54.724167,-68.017006
Cerro Castor,"Delicacy of place! For those who want to ski, for those who want to adventure on the snowboard, for those who come for a walk. Child, adult, third age tb! Imperdible!",5,-54.724167,-68.017006
Cerro Castor,"The boys who help in the ascent and descent of the aeroplanes at the base and in 480 are wonderful. Well educated, solicitous, always good smoke, wishing you a good day. Watch out. It was nice to interact with them",5,-54.724167,-68.017006
Cerro Castor,"All excellent as always and as every year, new lifting medium, impeccable attention by all staff!",5,-54.724167,-68.017006
Cerro Castor,"Ski station away about 40 min drive from Ushuaia. Beautiful landscapes and with pistes for all levels. Staff atencioso. Rental equipment more expensive than in the city and shops with expensive items, but surprisingly the cafes and restaurants with the same prices from the central street of Ushuaia. There are not many attractions for those who do not ski. We hired class for a group of 5 people and then it was just joy. Unforgettable day and we want to come back!",5,-54.724167,-68.017006
Cerro Castor,"I guess it's a curious landscape, seeing the snowless aeroplanes. With winter center preparations for winter.",4,-54.724167,-68.017006
Cerro Castor,"Spectacular ski center!!!!I have been going and it is getting better!!new slopes open; more pins in the mountain..very good maintenance of the slopes and the media in general! If you like skiing and you can’t stand queuing in the media, style other ski resorts...this is the place. Snow generally remains in good condition until the end of September. I recommend to meet him and if you like mountain sport do it there!!",5,-54.724167,-68.017006
Cerro Castor,"The mountain and the infrastructure of the place are excellent, one of the best ski pistes in all of Argentina in my opinion. 
Indicate a lot for those who do not want to ski but also want an experience in the snow, climb the cable car to admire the view and the possibility of snow there is always guaranteed, the hot chocolate up there is also very tasty and worth the climb to enjoy the restaurant, but the values is well salty $$",5,-54.724167,-68.017006
Cerro Castor,"Best of all.
Quality, Human warmth.
Modern; very cold, the best powder snow.
I'll be back someday.
Giant Hug",5,-54.724167,-68.017006
Cerro Castor,"The area is wild and unspoiled by commercial development.  We saw abundant wildlife, glaciers, mountains, waterfalls.  I loved the penguins.  Expect lots of wind and cool weather even in the summer months. Ushuaia is worth the visit.",5,-54.724167,-68.017006
Cerro Castor,"It's the second year we've been. The great thing about the hill is that it allows you to get out in time because the snow is almost guaranteed. 
I went in August and September, NO QUEUES, I think that's the best, the media always works, as long as there is no climate issue. You fuck a thousand times in a day, for fans like me it's the most.
The slopes are very good, there is a lot of variety for intermediate and advanced, a little less for beginners.
My children go to the school that works very well, they love it, the teachers are very professional.
Things to improve: food in restaurants, this year under quality. It's expensive but the food wasn't good. And the same in school, my kids complained about the food.
The rental itself works well, it is always advisable to take everything online so it is faster, although in September there were days with queue.
My husband crashed, and they attended him right away, took him to the salon and from there we went to the clinic. I highlight the organization in terms of assistance, both for speed and professionalism, 10 points. I felt very safe and cared for.",4,-54.724167,-68.017006
Cerro Castor,"Expensive for what it offers. The attention was slow and imprecise and it is never clear what you have to do. If you are not advanced/expert in any snow sport you are always very lost. Restaurants and places to rest are small for the number of people. The natural framework is amazing, that does not need to be clarified. Very good.",3,-54.724167,-68.017006
Cerro Castor,"Beautiful! The place was very nice, only the confectionery was open with some people, it was already closed the hill...but we went to know the same",5,-54.724167,-68.017006
Cerro Castor,"What to say about my place in the world, what to say about the best snow in the world, I've been going 18 years! With my daughters, friends, acquaintances! 
And this time, aside from the best leads, best restaurants, best teachers, I have to tell q. I vanished in 420, broke my head, (with helmet) q they lowered me, helped me and saved my life! There and in the clinic Saint George (I am a bad patient, unbearable, I went and came back) but what to say about the hill, thank you for remaining my place in the world! They're amazing! Thank you to all the Red Cross rescuer, the guard, everyone.  I spent 5 amazing days, and when I play the bad one there they were!! Thank you so much, sorry for so little..a friend said",5,-54.724167,-68.017006
Cerro Castor,"Best snow quality for beginner and intermediate Skiers/snowboarders. Variety of accomodations as far as 20 km. 
Magic city",4,-54.724167,-68.017006
Cerro Castor,"Beaver hills. Ushuaia.
All very well, as always something new every year, what should improve and I say it every year is that the delivery of the teams both on the first day and the following days is very slow and they would have to enable more place and put more staff because the lines are too long.",5,-54.724167,-68.017006
Cerro Castor,"We have been skiing for four days, snow guaranteed every day and in addition on the last day we got a top snowfall. On the part of the lifting means everything great and fast, few queues. Bad for us the highlight of this ski resort are the people who work in it, made us feel welcome and safe, taught us a lot of things. A special thanks also to the rescuers and medical staff who took care of both me and my wife when necessary. The tips are challenging and the value is not very cheap but by the people who work throughout the ski resort is very worth it, just amazing people.",5,-54.724167,-68.017006
Cerro Castor,"We went with my partner and my baby. We had a great time! Very good snow to ski! 
The landscapes of the slopes are unforgettable!",5,-54.724167,-68.017006
Cerro Castor,"Best tour for those who want to ski in Ushuaia. Big park , you can take classes before so you can enjoy it better . It is worth spending the whole day to be able to do the activities. There you rent equipment for skiing - skiing or snowboarding.",5,-54.724167,-68.017006
Cerro Castor,Pleasantly surprised by the quality of the facilities quantity and distribution of confectioneries with nice views and very good ski slopes for all levels a suggestion is that they should have slightly lower prices for being at the end of the world which is very difficult to access but the experience is worth it.,5,-54.724167,-68.017006
Glacier Martial,This hike gets you incredible views! You can go as far as you’d like and turn around at any point. The elevation gain is tiring in spots but so worth the view,5,-54.792805,-68.3868
Glacier Martial,"Demanding activity. 
We went with a 5-year-old boy who banked the perfect place to the viewpoint. But the first sections are quite steep. 
It's worth... beautiful views of the glacier... divine contact with nature. 
On the way back, a comforting hot chocolate.
No need to hire excursion, you arrive on base in Uber, super economical",5,-54.792805,-68.3868
Glacier Martial,"It’s a tough hike but we managed to do it. They are working on the chairlift now and it made it feel like less of a traditional hike because the first half of the trail is also for construction vehicles, etc.
The walk is very steep in most parts but we enjoyed our accomplishment. The views in parts were very good because we had a very clear day and unseasonably warm.
But it was still windy in parts.
We organised a local taxi to drive us there and pick us up. He also provided trekking poles; very handy.",4,-54.792805,-68.3868
Glacier Martial,"A mountain to climb very close to the center, does not need a guide. When buying tickets, grab the sticks to help on the walk.

It is very beautiful, but prepare the breath, it is quite steep and striped lines without bank or belvederes.

We went in the summer, at the highest points there was snow, very beautiful.",4,-54.792805,-68.3868
Glacier Martial,"You do not need to organise a tour to do this. Take an Uber to the Tea House, eat/drink something and then head up the trail. The first part is very steep. I was there in December, and the only snow was right at the glacier. There is nothing on the trail, so make sure you bring food/drink. There is a stream that you can use to refill your water bottle. Some parts of the trail are loose stones, so a cane or stick is a good idea. You can borrow one at the cafe close to the Tea House, or grab a stick from the wooded areas. Great views of the town and the bay as you go up.",5,-54.792805,-68.3868
Glacier Martial,"Great experience!!! The view of the mountain is surreal, and being able to experience the snow experience even in the summer was amazing!!
On the trail: the climb to the foot of the hill is steep beeeem. It's about 3km just going up. The floor is all ripe, so the difficulty lies in being steep only. For now, only on foot is possible to climb. They're building a cable car, but it's not ready yet. Once you reach the foot of the mountain it is up to you to follow to the end of the trail or not. Super we recommend following, because apart from beautiful, the snow spots increase a lot. From there the trail is no longer steep, but becomes a little narrower and slippery. Worth every second!!",5,-54.792805,-68.3868
Glacier Martial,"The track is of average intensity in my rating. The structure and signage along the track is very precarious, there is no safety scheme. I didn't use any equipment. It is necessary to bring snack and water. The view is very beautiful. I paid a fee to get in.",3,-54.792805,-68.3868
